Reaction,Lower Bound,Upper Bound
FAC_Osc_M,0.0,9.761080832504376e-13
FAC_Osr_M,0.0,1.7066835958422435e-12
EX_co2(e),-21.472561417250745,-21.472561417250155
EX_h2o(e),0.0,1.0726333710131541e-10
EX_h(e),-2.2117187157582223,-2.211718715745042
EX_no3(e),-0.0011168847042519181,-0.0011168847042519181
EX_o2(e),-142.93067146046062,0.0
EX_pi(e),-1.191491350027718e-12,0.0
EX_nh4(e),-0.6199678305869576,-0.6199678305864982
EX_photonVis(e),-775.0000000000032,-775.0
PRISM_white_LED_M,704.5454545454154,704.5454545454545
RPSI_430(u)_M,1.9187555681774706,1.918755568181818
RPSI_450(u)_M,95.76754331815499,95.76754331818182
RPSI_470(u)_M,133.84386329545455,133.84386329555218
RPSI_490(u)_M,0.0,8.282392322143243e-12
RPSI_550(u)_M,0.0,1.956870221420104e-10
RPSI_570(u)_M,3.2353830428556463,3.235383042886364
RPSI_590(u)_M,0.4122859090574208,0.4122859090909091
RPSI_610(u)_M,0.6184603074295454,0.6184603074295454
RPSI_630(u)_M,9.93497159090909,9.93497159090909
RPSI_650(u)_M,98.71185849999794,98.7118585
RPSI_670(u)_M,30.33300645210136,40.64699517492347
RPSI_690(u)_M,-7.788880651560248e-12,0.0
RPSII_430(u)_M,0.0,2.914113395036111e-12
RPSII_450(u)_M,0.0,2.7964054682971806e-11
RPSII_470(u)_M,0.0,2.8471481558716283e-11
RPSII_490(u)_M,35.50198274999001,35.50198275
RPSII_510(u)_M,103.97957929545456,103.97957929545456
RPSII_530(u)_M,93.03327920454547,93.03327920454547
RPSII_550(u)_M,22.123861590763,22.123861590909094
RPSII_570(u)_M,0.0,1.9966694964068665e-11
RPSII_590(u)_M,0.0,2.4787646382088552e-11
RPSII_610(u)_M,0.0,1.188843118926408e-11
RPSII_630(u)_M,0.0,6.486113072960779e-12
RPSII_650(u)_M,0.0,4.267118370041408e-12
RPSII_670(u)_M,62.49289205230827,72.80688077527446
RPSII_690(u)_M,2.2956723999772723,2.2956723999772723
CO2tex_M,21.472561417250116,21.47256141725017
Htex_M,-19.88449112583332,18.16090007340163
O2tex_M,0.0,142.93067146046462
Pitex_M,-20.519681192468198,30.935582688540308
GLYtex_M,-9.456089406615288,0.0
PPASs_M,2.576787868757058,3.03792639556471
PPASx_M,-1.3185619263111903e-11,0.0
PPAIcxc_M,0.0,0.2468211461002674
APLs_M,0.0,0.02088539818477271
CATv_M,0.0,0.3588944444450285
CATs_M,0.2804531765912372,0.3588944444451195
CATx_M,2.098426954668165,4.30044871583432
CATm_M,0.2804531765911892,0.7177888888888888
GLUSfs_M,-9.669136151468916e-13,0.0
RBPCs_M,22.84349888321132,25.77779579386207
CYOO6m_M,3.6283805365380744,7.020878010496055
NO3Rm_M,0.0,1.0160761121369433e-12
AOXm_M,0.0,1.3429257705865894e-12
ATPPHc_M,0.0,1.7532642004880472e-12
ATPPHm_M,0.0,2.1955770534987096e-12
ATPPHs_M,0.0,1.8767210008263646e-12
ATPSs_M,102.14711191390037,104.67865965836003
ATPSm_M,10.125546547395496,19.76377159232359
GLUSs_M,0.1685043607517758,0.19521277392986575
GLUSys_M,0.01493790068724446,4.05071867449966
ADK1c_M,0.0,0.0331261779182212
ADK1s_M,0.0,0.4611385268081642
ATPAPc_M,-6.52278231427772e-13,0.0
ADPAc_M,0.0,4.019895527562767e-12
URIKGc_M,-3.702815831729822e-12,0.0
DHDHc_M,-0.46113852680824874,0.0
BUPNc_M,0.0,0.4611385268081989
DHPDc_M,0.0,0.461138526808171
GTPCYTDPTc_M,0.0,1.3784529073745944e-12
UTPRc_M,0.0,2.4220625505222415e-12
UPRTs_M,0.0,0.46113852680851203
UPHc_M,-1.0587086762825493e-12,0.0
UPHs_M,-0.4611385268087838,0.0
TMDKc_M,0.0,2.3785418079569358e-12
AUPTs_M,0.0,0.4611385268085577
TPHc_M,0.0,1.652722403377993e-12
DUMPc_M,0.0,0.46113852680654155
CMPc_M,0.0,8.677503160470224e-13
UMPc_M,-8.384404281969182e-13,0.0
DUDTc_M,0.0,0.461138526807908
TDSRc_M,0.0,0.46113852680846995
DUMPKc_M,-0.46113852680813844,0.0
ATUDc_M,0.0,0.21369496818357347
ATUDs_M,0.0,2.3660422681320793e-12
UMPKc_M,0.0,0.46113852680816037
APPRTc_M,-4.4213452343733195e-12,0.0
ADSHc_M,-2.2672234460211862e-12,0.0
PYKc_M,0.0,2.7773339184022916e-12
PYKs_M,0.0,0.07299515822005517
PPDKc_M,0.0,5.997868868234946e-12
ACSc_M,0.0,8.637313086978793e-12
ACSx_M,0.0,2.8194668821868163e-12
ACSs_M,0.0,0.46113852680815903
GLU5Kc_M,0.0,0.03758680103782771
PYR5CDys_M,0.0,1.318500864044836e-12
GALc_M,0.0,0.033126177915583206
GALs_M,0.0,4.59358426976126
AGATm_M,-0.826278385719494,4.905053330507517
ALAATc_M,-4.008468082934092,0.0
ALAATm_M,-9.115486143684846e-12,0.0
AAATc_M,-1.5585241430748908e-12,0.0
ASPCLc_M,-0.46113852680818945,0.0
ICDHm_M,0.0,0.15688253570250232
GALKc_M,-20.482314013222226,18.040956298462135
UGLTc_M,-20.482314013227935,18.040956298469254
THAc_M,0.0,2.5259794256271574e-12
GALUic_M,0.0,0.21369496818489253
IAGTc_M,0.0,9.467981954003335e-13
MDHc_M,-13.028639281395197,0.0
MDHx_M,2.036997356669281,3.703831728619228
MDHm_M,0.0,9.095335871024107
ATPCSc_M,5.17803815405268,9.797668182188996
CSx_M,0.0,0.2983084936095294
CSm_M,5.044684839507709,9.499359688583539
ASPTAc_M,-13.433760680615082,4.45429277928273
GLYTAx_M,-1.9038104426272184e-11,0.0
PDHam1s_M,0.0,0.02793940684430544
PDHe2s_M,0.0,1.3235940121703038e-12
PDHe3s_M,-1.4314993634911843e-11,0.0
MALSx_M,0.0,0.2983084936084057
GOXx_M,3.772478823722759,8.600897431670804
ASPKs_M,0.0,0.04011102962689536
HCGALc_M,0.0,0.03312617791557404
PSPs_M,0.0,0.18926527643134072
CYSTGLs_M,0.0,0.007054008658421853
SGATx_M,2.948943249723364,4.300448715834006
ENOc_M,0.0,10.329727983798858
ENOs_M,-1.6546763959013333e-12,0.07969646645076844
ORNTAc_M,-0.033126177915583206,0.0
ALAADc_M,0.0,8.038014698286133e-13
IAAGTc_M,-4.142852727540003e-12,0.0
IAAINOSTc_M,-8.992251387951455e-13,0.0
PPDHc_M,0.0,2.850220059968933e-12
PPDHs_M,0.0,0.0014868743739167665
ACALDHs_M,0.0,9.466316619466397e-13
ACALDHm_M,0.0,0.46113852680832906
GLYCRORc_M,-1.2224569377701499e-12,0.0
ARGDHTs_M,0.0,0.0014868743733246724
ARGOAT2s_M,0.0,0.003350654112762303
ARGDHs_M,0.0,0.0018637797386742534
GLYDHDm_M,-0.4611385268086119,4.253861138062937
DHLDHm_M,-0.46113852680834755,4.253861138062627
MTAMnh4m_M,-0.4432960343198742,4.151294469030475
THRAc_M,0.0,1.8022504989745049e-12
ASCOXc_M,0.0,8.389733352487383e-12
ASCPO1c_M,0.0,2.8386182293616002e-12
ASCPO2c_M,0.0,2.632560835991171e-12
GTHDHc_M,0.0,1.8038903704109543e-12
FBPc_M,0.0,23.068260425258156
FBPs_M,0.0,14.91541430692504
SPSc_M,0.0,0.21369496818194594
PGI1c_M,-21.100991511172545,0.21369496818194594
PGI1s_M,-5.300669585955358,18.9043932082934
BFFSc_M,0.0,3.2914226899549703e-12
INVc_M,-5.790423696083735e-12,0.0
INVv_M,0.0,1.1096124019616127e-12
SPPc_M,0.2136949681788302,0.21369496818194594
SUSc_M,-0.2136949681829336,0.24744355862621498
XYL2v_M,-3.1283031720619192e-12,4.97063501470052e-12
UDPACGLPc_M,-9.650521653538697e-13,0.0
FKc_M,-4.650502205549856e-12,0.0
SOXs_M,0.0,2.186263815753912e-12
AATCs_M,0.0,8.758075283517759e-13
3SPYRSPm_M,-1.2852722358625002e-12,0.0
FTHFLs_M,-1.2931877790833823e-12,0.0
FTHDFm_M,0.0,1.4068746168049984e-12
SHMTm_M,-0.46113852680830475,4.251878638902985
GLPATs_M,2.576787868757057,2.576787868757057
ORPDCs_M,0.0,0.4611385268081795
TPIc_M,-1.6829630063500298,0.0
TPIs_M,-39.93731817165631,-19.514599583672215
RPDPKc_M,0.0,9.023892744153273e-13
RPDPKs_M,0.0,8.455458555545192e-13
PPMc_M,0.0,1.4672707493446069e-12
PPMs_M,0.0,0.461138526806856
RBKc_M,0.0,3.3995029014022293e-12
RPIs_M,10.137634160480253,11.146410072913941
GAPDHc_M,-15.934543651965239,13.028639281379279
GAPDH1ys_M,-61.456000569360604,-55.737261517164846
FBA2c_M,0.0,9.50350909079134e-13
FBAc_M,-21.100991511208193,0.0
FBAs_M,-14.915414306924239,0.0
FUMm_M,-0.033126177916288274,0.0
ARGSL1c_M,0.0,0.03312617791589711
LATs_M,-0.005947497496326004,0.0
GSNPc_M,0.0,1.525535253676935e-12
ADNPc_M,0.0,2.9831692671677964e-12
IMPc_M,0.0,8.881784197001252e-13
GMPRc_M,0.0,3.816502669451438e-12
GMPS1c_M,0.0,9.07363073565648e-13
IMPDc_M,0.0,2.931599407673957e-12
IBPHc_M,0.0,1.2631562462672719e-12
MI145PKc_M,0.0,2.7906565946977935e-12
MI134PK1c_M,0.0,8.757439218243235e-13
PHYTASEc_M,0.0,1.7781331962396507e-12
DHAD-bs_M,0.0,0.02088539818477271
IPMSs_M,0.0,0.005947497496326004
VALATs_M,-0.02088539818477271,0.005947497496326002
GUAPRTc_M,0.0,5.172307027123679e-12
DURIPP_M,0.0,0.46113852680819184
P5CRs_M,0.0,9.61418444855866e-13
P5CRyc_M,0.0,0.004460623122244503
P5CRys_M,0.0,5.04343095064641e-12
PGLYCPs_M,5.896370881403268,8.600897431672726
XYLXYLc_M,-8.318944144658502e-11,0.0
HPRx_M,2.1050522136734546,3.7038317286158566
HPRyx_M,0.0,0.6297431651364058
THRSs_M,0.0,0.0152145284806664
AAPTc_M,0.0,4.774847184307873e-12
PGKc_M,-15.934543651982258,13.028639281372222
PGKs_M,-61.732225615825854,-55.68612662493813
PGLYDHs_M,0.0,0.18926527647005997
GLYK1s_M,3.126206941029036,4.300448715835085
PGMc_M,0.0,20.19941928849667
PGMs_M,0.0,0.07969646645076844
PRUKs_M,31.33699913119235,33.43975979716304
RPEs_M,-22.219333184887994,-21.130441619880823
TKT1s_M,-11.147792090197584,-10.564614277895716
MOPCs_M,0.0,0.005947497496326004
GSNRHc_M,0.0,2.3648093369855873e-12
CHRSs_M,0.0,0.0033506541127672484
CHRMs_M,0.0,0.0033506541127888813
INSRHc_M,0.0,8.917311333789257e-13
AHSLs_M,0.0,1.6592827829988262e-12
HSKs_M,0.0,0.02226853713747401
HSDHs_M,0.0,0.022268537137412867
HSDHys_M,0.0,0.02226853713712651
GLUKAc_M,0.0,4.862721336706954e-12
DPHSs_M,0.0,0.0033506541127847336
TALAs_M,0.0,15.785701461412321
FBA3s_M,10.561310112620033,26.536990391422137
TKT2s_M,-11.148646980754906,-10.566382957453476
SBPs_M,10.561310112620726,26.536990391421714
ASPCTs_M,0.0,0.46113852680816
ORPRTs_M,-0.46113852680822287,0.0
ACONTc_M,-54.74629993210839,0.0
ACONc_M,0.0,54.899723629849724
ACONTm_M,0.0,0.15688253570250627
ACONm_M,0.0,0.15688253570236022
ARGSSc_M,0.0,0.03312617791613537
DHRs_M,0.0,0.4611385268082306
AGSs_M,0.6441969671892642,0.6441969671892642
XSTNRHc_M,0.0,1.0523137916607084e-11
CYORm_M,7.256761073076117,14.041756020987787
NADORm_M,6.795622546268019,13.707768866958638
BCTA3s_M,0.0,0.00705400865844468
AOTAs_M,0.0,1.1560752355421755e-12
AODAAc_M,0.0,2.227475148774971e-12
OCTc_M,0.0,0.033126177915561134
ASADHs_M,0.0,0.022268537137432834
SKKs_M,0.0,0.0033506541127552095
SKDHs_M,0.0,0.0033506541127429177
SSs_M,1.2883939343769084,1.2883939343785284
DAPEPs_M,0.0,0.017842492488969925
CELLc_M,0.0,8.659739592076221e-13
HDHs_M,0.0,1.5296067364112265e-12
HDAHs_M,-9.894109012438313e-13,0.0
HPs_M,0.0,1.6851893144820274e-12
KARAs_M,0.0,0.02088539818477271
DHQSs_M,0.0,0.0033506541127465983
DQDHs_M,0.0,0.0033506541127557576
AOOAs_M,0.0,3.069303491920472e-12
G5DHc_M,0.0,0.037586801038081874
GSCc_M,0.0,0.0044606231214190896
AGGPRc_M,0.0,1.4044945761959582e-12
IGPDs_M,0.0,4.841454494253217e-12
PSCITs_M,0.0,0.003350654112765279
PYAM5POc_M,-9.263700917472306e-13,0.0
IMDHTs_M,0.0,0.005947497496331238
PRADPs_M,-1.6486534359927418e-12,0.0
PSATs_M,0.0,0.18926527643122254
IMDHs_M,0.0,0.005947497496326004
FPAIFs_M,0.0,2.4744173723889595e-12
KARA2is_M,0.0,0.007054008658428324
DHAD-ps_M,0.0,0.007054008658433168
PHETAs_M,-0.001486874374081501,0.0
PHETAc_M,0.0,1.2411877081675016e-12
PGMTc_M,-26.323295423240634,0.0
PGMTs_M,-5.300669585961395,11.14864698075636
ACHBSs_M,0.0,0.007054008658425333
CYSTS_Gs_M,0.0,0.00705400865843317
DHRDHm_M,0.0,0.46113852680804157
CBMKs_M,0.0,0.461138526808174
CBPSs_M,0.0,1.4424017535930034e-12
HCO3Es_M,0.0,25.802692295009344
HCO3Ec_M,-29.56925538396816,0.0
HMGCOARc_M,-8.82618382633466,0.0
HMGCOARyc_M,-1.17987385901894,8.826183826334958
PYAMPPc_M,0.0,8.711364962721291e-13
PDXPPc_M,0.0,9.308109838457312e-13
FA200COAHr_M,0.0,1.0746958878371515e-12
FA220COAHr_M,-6.589173651150304e-12,0.0
FACOAL182c_M,-8.206768598029157e-13,0.0
3OCR200r_M,-5.412254109908747e-12,0.0
3OCR260r_M,-4.146802556991315e-12,0.0
GLYCKr_M,0.0,1.066202681698769e-12
PCHOLPPs_M,0.0,2.3803181647963356e-12
GPEPEr_M,-4.4366615325367254e-10,0.0
GLB1c_M,0.0,3.4154346018056003e-12
FRNCTIc_M,0.6029537773470109,18.213274005858118
FRORc_M,0.6029537773438784,18.213274005858118
BGALSc_M,-1.0653700144303002e-12,0.0
MRs_M,0.0,8.242295734817162e-13
CBFCNCEFs_M,102.14711191389765,104.67865965807728
CCEFs_M,39.455011646680056,45.37424122722501
FNORs_M,59.30441843084889,62.69210026722868
PSIMR_M,102.1471119138996,104.67865965812025
PSIINC_M,59.304418430686674,62.69210026724363
SSFTc_M,-6.168135446849021e-12,0.0
PHENMUTc_M,0.0,0.46113852680812406
DRPAc_M,0.0,0.46113852680815626
THD2c_M,-8.322231792590173e-12,0.0
PYRt2m_M,-5.501670317714778,0.826278385722067
ALAt2m_M,-4.868468712408742,0.4019033001089207
H2Otm_M,-21.099581543727634,-9.872036737799979
CO2tm_M,-4.3081770047322685,0.4432960343194505
NH4tm_M,-4.151294469029944,0.4611385268098509
O2tmr_M,3.628380536544587,7.379772454937123
FADtm_M,-4.0269454437691365e-12,0.0
PItm_M,10.125546547361486,19.76377159233275
H2O2tm_M,0.0,0.7177888888888888
ATPtm_M,10.125546547442175,19.763771592331807
SUCFUMtmr_M,0.0,0.033126177917842725
GLYtm_M,-4.300448715832394,4.9103495391735095
SERtm_M,-0.46113852680828593,4.190388115840232
DICtm_M,0.0,0.03312617791570842
MALCITtm_M,4.8912109656427685,9.499359688617062
MALAKGtm_M,0.0,0.15688253570248456
ACtm_M,-0.46113852680828993,0.0
ACCOAtm_M,5.033344806712542,9.656242224284384
GLXtm_M,-0.4019033000992426,4.905053330506571
ACALDtm_M,0.0,0.46113852680837053
ACts_M,-1.5322410931392689e-12,0.4611385268081649
DHORSts_M,-0.4611385268080672,0.0
OROTts_M,0.0,0.4611385268082294
ACCOAts_M,-0.4611385268082415,0.005947497496326004
ASPts_M,0.0,0.48340706394558186
HISts_M,-6.585981759954507e-12,0.0
ILEts_M,-0.007054008658433168,0.0
LEUts_M,-0.005947497496326162,0.0
LYSts_M,0.0,0.017842492489266188
PHEts_M,-0.001486874374081501,0.0
SERts_M,-0.18926527643142516,0.0
THRts_M,-0.015214528479266687,0.0
TYRts_M,-0.0018637797386803143,0.0
VALts_M,-0.02088539818477271,0.0059474974963282645
G1P(pi)ts_M,-2.7238817172062557,13.72549007618685
DHAP(pi)tsr_M,-29.315312685095716,6.027496700770934
3PG(pi)tsr_M,-4.784962426483638,2.4139706975667057
H2Ots_M,-30.573188505009732,23.995115436083093
CO2ts_M,0.0,25.74761224406843
NH4ts_M,0.0,4.57930681792142
O2tsr_M,-24.214955444825435,-20.751311783721455
Pits_M,0.0,0.4611385268074598
GLYCRts_M,3.046590266704957,4.3004487158360085
MALAKGts_M,0.0,4.373028932372215
MALGLUts_M,0.0,4.255829679130171
UTPUMPts_M,0.0,0.4611385268081878
HCO3(h)tsi_M,0.0,25.802692295009493
NA1ATPases_M,0.20410148760967672,4.776565225565108
PYRts_M,-0.05515266573811213,0.0
NA1Hts_M,0.0,4.776565225566023
FRUCtv_M,-4.54036808150704e-12,0.0
H2Otv_M,-0.7177888888888888,-1.1958212198237561e-12
O2tv_M,-0.29999999999854976,0.0
H2O2tv_M,0.0,0.7177888888888889
GLYtx_M,-4.300448715886585,-2.9481854407010326
SERtx_M,2.948185440701072,4.300448715834993
GLYCLTtx_M,3.772478823727557,8.600897431666159
MALOAAtx_M,-3.7038317286394506,-1.7386888630657744
H2Otx_M,-8.600897431670157,-3.1758618364871536
CITx_M,-0.29830849360917355,0.0
O2tx_M,2.098426954679025,4.300448715834874
PItx_M,0.0,3.703037876334747e-12
ACtx_M,0.0,1.718569730968511e-12
ACCOAtx_M,1.4930279235159105e-12,0.5966169872192002
GLXtx_M,-5.374026111767335,0.4019033001166306
GLUtx_M,0.0,6.6131544684822196e-12
AKGtx_M,-3.0863089861554727e-12,0.0
GLYCRtx_M,2.881716369090618,4.3004487158349605
NADPH2tx_M,0.0,0.8434381333161596
NADPtx_M,-0.6297431651356504,0.0
NADPtr_M,0.0,2.2706674105095223e-10
COA(h)tr_M,-1.2434497875801753e-12,0.0
O2tu_M,29.652209215312254,31.34605013361553
H2Otu_M,-62.69210026726683,-59.30441843078484
DM_photonDrain(u)_M,374.8389596380428,376.5512278224153
DM_PHTC-A(c)_M,0.0,2.985389713217046e-12
DM_PSI_M,0.0,8.597567102697212e-13
DM_PSII_M,0.0,1.1439738045737613e-12
ngam_atp_c_M,5.8728181818181815,5.8728181818181815
ngam_atp_m_M,-3.219646771412954e-12,0.0
ngam_nadphox_c_M,0.5609063531833809,0.7177888888888889
ngam_nadphox_s_M,0.5609063531859557,0.7177888888888888
ngam_nadphox_m_M,0.5609063531804392,0.7177888888888888
RBPOs_M,6.120240756708452,8.600897431670003
DM_o2(c)_M,9.80827322741904,155.15315399189518
PRISM_white_LED_BS,70.45454545454531,70.45454545454545
RPSI_430(u)_BS,0.1918755568181818,0.19187555681898752
RPSI_450(u)_BS,9.576754331784816,9.576754331818183
RPSI_470(u)_BS,13.384386329507473,13.384386329545455
RPSI_490(u)_BS,0.0,5.392037501529757e-11
RPSI_510(u)_BS,0.0,7.982947636264726e-12
RPSI_530(u)_BS,0.0,9.503588621896434e-11
RPSI_550(u)_BS,-4.6002757159158136e-11,0.0
RPSI_570(u)_BS,0.3235383042674206,0.32353830428863634
RPSI_590(u)_BS,0.0412285908843183,0.04122859090909091
RPSI_610(u)_BS,0.06184603072139986,0.06184603074295454
RPSI_630(u)_BS,0.993497159088222,0.9934971590909091
RPSI_650(u)_BS,9.871185849998026,9.871185850000002
RPSI_670(u)_BS,0.0,10.313988722727272
RPSI_690(u)_BS,0.0,2.255973186038318e-12
RPSII_430(u)_BS,0.0,1.9015428120994216e-11
RPSII_450(u)_BS,-6.686207143502543e-12,0.0
RPSII_470(u)_BS,0.0,1.342358347925484e-10
RPSII_490(u)_BS,3.550198275,3.5501982750042966
RPSII_510(u)_BS,10.3979579295299,10.397957929545454
RPSII_530(u)_BS,9.303327920454546,9.303327920454546
RPSII_550(u)_BS,2.212386158965067,2.2123861590909093
RPSII_570(u)_BS,0.0,6.243433547936661e-11
RPSII_590(u)_BS,0.0,2.46855690351799e-11
RPSII_610(u)_BS,0.0,1.0514766566578796e-11
RPSII_630(u)_BS,0.0,2.1545876194295488e-11
RPSII_650(u)_BS,0.0,3.275602011854062e-12
RPSII_670(u)_BS,0.0,10.313988722727272
RPSII_690(u)_BS,0.22956723996268238,0.22956723999772724
H2Otex_BS,0.0,4.7275516834588416e-11
Htex_BS,-15.949181357625532,22.10215733907117
NO3tex_BS,0.0011168847042519181,0.0011168847042519181
Pitex_BS,-30.935582688540745,18.71487302455918
H2Stex_BS,-1.6427192361020044e-12,0.0
NH4tex_BS,0.6199678305859363,0.6199678305864991
GLYtex_BS,0.0,9.456089406619903
PPASc_BS,0.0,0.3062961210607892
PPASs_BS,0.2896604173087816,0.750798944116534
PPAIcxc_BS,0.0,0.30629612106519916
APLs_BS,0.0,0.02088539818477271
CATv_BS,0.0,0.07844126785230321
CATs_BS,0.0,0.0784412678518357
CATx_BS,0.0,2.414209303964439
CATm_BS,0.0,0.15688253570483665
RBPCs_BS,0.027939406843205727,2.98481732339734
CYOO6m_BS,0.06357568637474383,3.456073160332606
NO3Rm_BS,0.0,4.007905118896815e-12
AOXm_BS,0.0,2.360778239562933e-12
ATPPHs_BS,0.0,8.029132914089132e-13
ATPSs_BS,9.470193661103682,12.001741405796487
ATPSm_BS,0.0,9.638225044918935
GLUSs_BS,0.0,0.20861539038267252
GLUSys_BS,0.0,4.428862794044648
GTHRc_BS,-1.751487843648647e-12,0.0
GTHRm_BS,-6.1661293355225804e-12,0.0
ADK1c_BS,0.05947497496326015,0.0926011528807591
ADK1s_BS,0.0033506541129026957,0.4644891809214545
ADPAc_BS,0.0,2.9531932455029164e-12
DHDHc_BS,-0.46113852680824086,0.0
BUPNc_BS,0.0,0.4611385268082149
DHPDc_BS,0.0,0.46113852680816064
UPRTs_BS,0.003350654112758311,0.464489180921087
UPRTc_BS,0.0,4.632738637155853e-12
UPHs_BS,-0.4644891809210913,-0.0033506541122143574
AUPTs_BS,0.0033506541127557425,0.4644891809221442
DUMPc_BS,0.0,0.4611385268081603
UMPc_BS,0.0,1.3500311979441904e-12
DUDTc_BS,0.0,0.46113852680824285
TDSRc_BS,0.0,0.46113852680839007
DUMPKc_BS,-0.4611385268081913,0.0
ATCDc_BS,0.0,2.7376989564231735e-12
ATUDc_BS,0.21369496817785466,0.21369496818485922
ATUDs_BS,0.0,1.5474288517225432e-12
UMPKc_BS,0.0,0.4611385268112428
AMPDc_BS,0.0,1.340261235327489e-12
ADNKc_BS,-8.668621376273222e-13,0.0
APPRTc_BS,0.0,2.09232631220857e-12
PYKs_BS,0.0,0.07299515823054516
PPDKs_BS,0.0,1.9166890297128703e-12
PDCs_BS,0.0,4.012248866480661e-12
ACSc_BS,0.0,2.3422653105805884e-12
ACSx_BS,0.0,1.4769574452344614e-12
ACSs_BS,0.0,0.461138526809171
PYR5CDym_BS,-9.862048891154045e-12,0.0
GALc_BS,0.06535331551434975,0.09847949342753756
GALs_BS,0.02789445482710681,4.62147872458844
AGATm_BS,-0.9029131082723351,4.828418607924647
ALAATc_BS,-4.008468082932771,0.0
ASPCLc_BS,-0.46113852680820944,0.0
ICDHm_BS,-9.947598300641403e-13,0.1568825357025554
GTHPc_BS,0.0,7.841831350940964e-12
GALKc_BS,-18.04095629844565,20.44413890781617
UGLTc_BS,-18.040956298452752,20.444138907812736
THAc_BS,0.0,8.88344953153819e-13
THPc_BS,-1.5736730400365086e-12,0.0
TPSc_BS,0.0,2.942091015256665e-12
GLCNGAv_BS,-1.291411422243982e-12,0.0
GALUic_BS,0.0,0.2136949681814001
GRGTc_BS,0.0,1.2740919430598296e-12
IAGTc_BS,0.0,2.238764729156628e-12
ATGDs_BS,0.003350654112521205,0.003350654114097792
MDHys_BS,0.0,0.00335065411273483
MDHc_BS,-13.028639281375808,0.0
MDHx_BS,0.0,1.4168607982039871
MDHm_BS,0.0,4.647242369746997
ATPCSc_BS,0.0,4.628844915093305
CSx_BS,0.0,0.2983084936095278
CSm_BS,0.0,4.647242369748323
ASPTAc_BS,-4.596560369094562,13.028639281425132
ASPTAs_BS,-0.0033506541127557576,-0.003350654110391045
GLYTAx_BS,0.0,2.1754820167529942e-12
PDHam1s_BS,0.0,0.027939406846836753
PDHam2s_BS,0.0,3.094954847959741e-12
PDHe2s_BS,0.0,1.4955953142603562e-12
PDHe3s_BS,-9.501392728150648e-13,0.0
MALSx_BS,0.0,0.29830849360939204
GOXx_BS,0.09536743078412024,4.828418607947473
ASPKs_BS,0.017842492488978012,0.022268537137748345
ASPALc_BS,0.059474974963260034,0.059474974963571015
ASNNc_BS,0.0,1.0088666013707837e-12
SUATs_BS,0.0,8.816219410922675e-13
HCGALc_BS,0.0,0.03312617791559783
PSPs_BS,0.0,0.1892652764307092
CYSTGLs_BS,0.0,0.007054008658433168
SGATx_BS,0.0,1.4187323467455353
HCYSMTc_BS,0.0033506541127557546,0.00335065411303991
AMETAHYCSTc_BS,-0.0033506541127557546,-0.003350654111949498
ENOc_BS,-11.483621511541914,0.0
ENOs_BS,-1.893436785097255e-12,0.07969646645584882
ORNTAc_BS,-0.033126177915583206,-1.1710632463746151e-12
TOORc_BS,-2.360334150353083e-12,0.0
IAAGTc_BS,0.0,1.2155276785108526e-12
IAAINOSTc_BS,0.0,9.606204720569167e-13
IAAAMYHc_BS,0.0,9.218736884974987e-13
PPDHs_BS,0.0,0.001486874374081501
ACALDHm_BS,0.0,0.4611385268082476
ARGDHTs_BS,0.0,0.001486874374081501
ARGOAT2s_BS,0.0,0.003350654112762222
ARGDHs_BS,0.0,0.0018637797386789196
GLYDHDm_BS,-0.11133032891417294,4.612432995838357
DHLDHm_BS,0.0,4.612432995838807
MTAMnh4m_BS,0.0,4.612432995837992
MDHARc_BS,0.0,3.1202818107090025e-12
ASCPO1c_BS,0.0,1.9804158313263542e-12
ASCPO2c_BS,0.0,1.3853584945877628e-11
GTHDHc_BS,0.0,1.6118217871508023e-12
FBPc_BS,0.0,15.730614316362676
FBPs_BS,0.0,14.915414306924237
SPSc_BS,0.0,0.21369496818249623
PGI1c_BS,-15.73171704887353,0.21369496818194594
PGI1s_BS,-14.440573170511485,2.1114674282931643
NO2Rs_BS,0.0011168847038968458,0.0011168847042519181
NITRc_BS,0.0011168847042519181,0.0011168847042519181
BFFSc_BS,0.0,8.356550492026816e-13
INVv_BS,0.0,9.717407434273184e-12
SPPc_BS,0.21369496818194594,0.21369496818420208
SUSc_BS,-0.2474435586262151,0.0
XYL2v_BS,0.0,9.137534479064513e-13
FKc_BS,0.0,9.228173780684301e-13
FTHFLm_BS,0.0,1.7492673975993966e-12
FTHFLs_BS,0.0,2.4005242238445135e-12
FTHDFm_BS,0.0,8.8461737934864e-12
FTHDFs_BS,-1.3037904089685526e-12,0.0
SHMTm_BS,-0.039093646815588745,4.612432995838308
METSs_BS,-0.0033506541127557546,-0.0033506541080145116
MLTHFR_Fc_BS,-0.003350654112755754,-0.003350654112750817
GLPATs_BS,0.28630976319522855,0.28630976319522855
ORPDCs_BS,0.0,0.46113852680815803
TPIc_BS,-3.3659260127052217,0.0
TPIs_BS,-3.653226972030728,16.990247478911037
RPDPKc_BS,0.0,1.9835244557953047e-12
RPDPKs_BS,0.0,1.1835502196355652e-12
PPMs_BS,0.0033506541124839195,0.46448918092097236
RBKc_BS,-2.7624569298723145e-12,0.0
RPIs_BS,0.03172384326172195,1.0194527430924918
GAPDH1c_BS,0.0,9.44438971473005e-13
GAPDHc_BS,-15.933426767275115,13.029756166052962
GAPDH1ys_BS,-5.649223519091057,0.39924410706985214
KHKc_BS,0.0,1.602717958348876e-12
FBA2c_BS,0.0,2.5073831899646848e-12
FBAc_BS,-15.730614316365257,0.0
FBAs_BS,-14.915414306924315,0.0
ADPARTs_BS,0.003350654112755745,0.0033506541161340115
FUMm_BS,-0.03647683202833402,-0.0033506541122400213
ADSALs_BS,0.0033506541120686484,0.0033506541127557546
ARGSL1c_BS,0.0,0.033126177915600796
LATs_BS,-0.005947497496327392,0.0
ADNPc_BS,0.0,1.2969625373671079e-12
IMPCs_BS,0.0033506541118779117,0.0033506541127557546
GMPS1c_BS,0.0,3.7196912217041245e-12
HXPRTc_BS,0.0,5.6154525474028105e-12
ADSSc_BS,-2.716798619861119e-12,0.0
ADSSs_BS,0.0033506541094613256,0.0033506541127557546
MI145PKc_BS,0.0,8.455458555545192e-13
IPKK4c_BS,0.0,1.0231815394945443e-12
IPKK6c_BS,0.0,8.757439218243235e-13
MI1345PP2c_BS,0.0,1.1752820938681907e-12
DHAD-bs_BS,0.0,0.02088539818477271
IPMSs_BS,0.0,0.005947497496326004
VALATs_BS,-0.014937900688446708,0.0
MTHFDs_BS,0.0033506541118151732,0.0033506541127557546
GMPc_BS,0.0,4.1884273827008656e-12
DURIPP_BS,0.0,0.46113852680662004
ADNRHc_BS,0.0,9.594547378810603e-13
PRODHm_BS,0.0,1.455224829527424e-12
P5CRyc_BS,0.0,0.004460623124563537
PGLYCPs_BS,0.0,2.8374646934869956
HPRx_BS,0.0,1.3525525408927612
HPRyx_BS,0.0,0.5966169872186562
THRSs_BS,0.0,0.01521452847901994
UTPUc_BS,-1.2082002065483266e-12,0.0
PGKc_BS,-15.933426767267015,13.029756166084002
PGKs_BS,-5.64922351909285,0.0
PGLYDHs_BS,0.0,0.18926527643105556
GLYK1s_BS,0.0,1.0871409517380022
PGMc_BS,-20.199419288498994,0.0
PGMs_BS,-1.3322676295501878e-12,0.07969646644926265
G6PEc_BS,-2.708111512816913e-12,0.0
G6PEs_BS,-2.0614621121239907e-12,0.0
PRUKs_BS,0.9638299295105283,3.0665905954864945
RPEs_BS,-2.1160612032226793,-0.9978625886755902
TKT1s_BS,-1.0569618065963977,-0.4750894045912884
MOPCs_BS,0.0,0.005947497496329327
MTHFCs_BS,0.0033506541121725636,0.003350654112755768
GSNRHc_BS,0.0,4.1673331452329876e-12
CHRSs_BS,0.0,0.003350654112774526
CHRMs_BS,0.0,0.003350654112769736
INSRHc_BS,0.0,2.02127203863256e-12
HOMATs_BS,-9.450218385609332e-13,0.0
AHSLs_BS,-9.87598891555308e-13,0.0
HSKs_BS,0.0,0.02226853713748294
HSDHs_BS,0.0,0.022268537137763993
HSDHys_BS,0.0,0.022268537137722477
BAMYLs_BS,0.0,4.261035968511351e-13
DPHSs_BS,0.0,0.003350654112790963
TALAs_BS,0.0,14.915414306922528
FBA3s_BS,0.4737061490860808,15.970273230048509
TKT2s_BS,-1.0582580158229906,-0.47629355897916864
SBPs_BS,0.0,15.970273230042778
ASPCTs_BS,0.0,0.4611385268082632
ORPRTs_BS,-0.46113852680825773,0.0
ACONTc_BS,0.0,54.87076723558383
ACONc_BS,-54.899723629825246,0.0
ACONm_BS,0.0,0.15688253570249866
ARGSSc_BS,0.0,0.03312617791495143
DHRs_BS,0.0,0.4611385268082823
AGSs_BS,0.07157744079844587,0.07157744079880714
XSTNRHc_BS,0.0,1.3580248037214915e-12
CYORm_BS,0.12715137275002542,6.912146320665198
NADORm_BS,0.0,6.912146320661003
NADOR1u_BS,-1.8111172284118737e-12,0.0
SUCDH1m_BS,-8.952907859516301e-13,0.0
BCTA3s_BS,0.0,0.007054008658443674
AOTAs_BS,0.0,1.5858980795258049e-12
OCTc_BS,0.0,0.033126177915583206
ASADHs_BS,0.017842492488978012,0.04011102962638468
DHDPSs_BS,0.017842492488945146,0.017842492488978012
SKKs_BS,0.0,0.00335065411276253
SKDHs_BS,0.0,0.003350654112773083
SSs_BS,0.14315488159761428,0.14315488159761428
AGKc_BS,-8.657519146026971e-13,0.0
DAPEPs_BS,0.0,0.017842492488991172
CELLSc_BS,0.0,4.4057812953468556e-13
HDHs_BS,0.003350654112755766,0.003350654114972063
HDAHs_BS,0.003350654112415937,0.0033506541127557602
HPs_BS,0.003350654112755761,0.0033506541128434154
KARAs_BS,0.0,0.02088539818477271
DHQSs_BS,0.0,0.003350654112729206
DQDHs_BS,0.0,0.0033506541127636914
AOOAs_BS,-0.0033506541127557993,-0.0033506541125001826
G5DHc_BS,0.0,0.03758680103782771
G5DHs_BS,-4.535954944984155e-12,0.0
GSCc_BS,0.0,0.00446062312253364
GSCs_BS,0.0,2.724339272693517e-12
IGPDs_BS,0.00335065411229571,0.0033506541127557815
PSCITs_BS,0.0,0.003350654112784568
PYDAMKc_BS,0.0,3.339550858072471e-12
PYDXKc_BS,0.0,1.1854961456947422e-12
IMDHTs_BS,0.0,0.005947497496328851
PRADPs_BS,0.003350654112458818,0.0033506541127557637
PRACHs_BS,0.0033506541127557607,0.0033506541131336216
PSATs_BS,0.0,0.1892652764312375
DHPRs_BS,0.0,0.017842492488989392
DHPRys_BS,0.0,0.017842492488987123
THMKs_BS,0.0,1.5996093338799255e-12
IMDHs_BS,0.0,0.005947497496326004
IMGPSs_BS,0.003350654111880717,0.003350654112755781
FPAIFs_BS,0.0033506541127557546,0.003350654113065796
PRICIs_BS,0.0033506541096901543,0.0033506541127557654
KARA2is_BS,0.0,0.007054008658435922
DHAD-ps_BS,0.0,0.0070540086584363485
GLDPs_BS,0.0,8.189005029635155e-13
BPNTs_BS,0.0,2.673417043297377e-12
PHETAs_BS,-0.001486874375134447,0.0
DAPATs_BS,0.0,0.017842492488970525
PGMTc_BS,-26.323295423237646,0.0
PGMTs_BS,-14.440573170514442,2.0415585247804287
ACHBSs_BS,0.0,0.007054008658435862
CYSTS_Gs_BS,0.0,0.007054008658431178
DHRDHm_BS,0.0,0.46113852680811135
CBMKs_BS,0.0,0.46113852680816336
HCO3Es_BS,0.0,20.863403786224403
HCO3Ec_BS,-24.063279492973805,0.0
FCRs_BS,-1.1322609516639659e-12,0.0
FERO_BS,0.0,4.758164348639404e-13
HMGCOARc_BS,-9.104406691368968,0.8515370481933767
HMGCOARyc_BS,-0.7784231610071107,9.025965423518834
ANXANEOys_BS,0.0,9.556799795973347e-13
PDXPPc_BS,0.0,2.1291857166261252e-12
PYDXPPc_BS,-2.1400659022674517e-12,0.0
FA182ACPHs_BS,0.0,3.573807916268379e-12
FACOAL182r_BS,0.0,1.602940002953801e-12
FA200COAHr_BS,0.0,1.2403411631112249e-12
FA280COAHr_BS,0.0,2.390532216622887e-12
FACOAL240r_BS,0.0,1.2082002065483266e-12
FACOAL260r_BS,-4.605767156551366e-12,0.0
FACOAL300r_BS,-1.9420013125869036e-12,0.0
PAPAm_BS,0.0,8.064660050877137e-13
DAGKm_BS,0.0,1.25351580967011e-12
DAGCPr_BS,0.0,1.8101076193488552e-12
FRNCTIc_BS,0.0,18.213274005858185
FRORc_BS,0.0,18.21327400585794
SODs_BS,0.0,1.588063014423824e-12
MRs_BS,-1.0480505352461478e-12,0.0
CBFCNCEFs_BS,9.47019366162383,12.001741405788477
CCEFs_BS,2.2046806744852976,8.123910254882212
FNORs_BS,3.8778311509796657,7.26551298733187
PSIMR_BS,9.470193661687079,12.001741405799846
PSIINC_BS,3.877831150971214,7.265512987808172
SSFTc_BS,0.0,6.399825114300484e-12
FRCEXHc_BS,0.0,1.2204126598192033e-12
PHENMUTc_BS,0.0,0.46113852680819034
DRPAc_BS,0.0,0.4611385268122182
THD2c_BS,0.0,5.352163157112955e-12
PYRt2m_BS,-4.828418607944776,1.3903586791292504
PROt2m_BS,-1.624478329631529e-12,0.0
ALAt2m_BS,-4.404043522333028,1.3427510481690383
H2Otm_BS,-10.457463552103347,0.0
CO2tm_BS,-4.769315531540763,0.0
NH4tm_BS,-4.612432995838507,0.10256666903160794
O2tmr_BS,0.06357568637509314,3.632756493665932
FADH2tm_BS,-1.24353752691191e-12,0.0
PItm_BS,0.0,9.791341828232607
H2O2tm_BS,-0.1568825357030604,0.15688253571059838
ATPtm_BS,0.0,9.638225044965953
4ABUTtmi_BS,-1.9558538816299986e-12,0.0
SUCFUMtmr_BS,0.003350654112416843,0.036476832028338964
GLYtm_BS,-8.912489761404402,0.0
SERtm_BS,0.0,4.612432995838627
DICtm_BS,0.0033506541079601215,0.036476832029518166
MALCITtm_BS,0.0,4.490359834049912
MALAKGtm_BS,0.0,0.1568825357025063
ACtm_BS,-0.461138526808162,0.0
ACCOAtm_BS,0.0,4.647242369722354
GLXtm_BS,-1.3718858895453394,4.828418607952944
ACSERtmi_BS,0.0,9.063028105771309e-13
ACALDtm_BS,0.0,0.4611385268080683
ACts_BS,0.0,0.46113852680815487
DHORSts_BS,-0.46113852680823997,0.0
OROTts_BS,0.0,0.4611385268081924
ACCOAts_BS,-0.46113852681028905,0.005947497496326004
ASPts_BS,0.017842492488978012,0.5012495564356532
HISts_BS,-0.003350654112755767,-0.003350654112415405
ILEts_BS,-0.007054008658433168,0.0
LEUts_BS,-0.005947497496326004,0.0
LYSts_BS,0.017842492488978012,0.017842492488978012
METts_BS,-0.00335065411276725,-0.0033506541124795897
PHEts_BS,-0.001486874374081501,0.0
SERts_BS,-0.18926527643160243,0.0
THRts_BS,-0.01521452847865848,0.0
TYRts_BS,-0.0018637797386777818,0.0
VALts_BS,-0.014937900688446708,0.0059474974963253015
G1P(pi)ts_BS,-14.154263407319206,2.296491780841118
DHAP(pi)tsr_BS,-4.668662401224489,32.680669946697826
3PG(pi)tsr_BS,-5.342078875587278,1.8801749405869597
H2Ots_BS,0.0,21.100991511160256
CO2ts_BS,-19.070996974570264,2.9598721876338017
TCP32_BS,-5.683009618451251e-12,0.0
NH4ts_BS,0.49513954011323624,5.0744463580327785
O2tsr_BS,-3.632756493484729,-0.11021838816773091
Pits_BS,9.256345689934165e-13,0.46113852680787476
NO2ts_BS,0.0011168847041489786,0.0011168847042502723
HCYSts_BS,0.0033506541127557546,0.0033506541134755716
GLYCRts_BS,0.0,1.3522632751335253
MALFUMts_BS,-0.0033506541127557546,-0.0033506541127557546
MALOAAts_BS,0.0,1.5394286539960333e-11
MALAKGts_BS,0.0,4.341525030261351
MALGLUts_BS,0.0,4.373028932374194
UTPUMPts_BS,0.0,0.4611385268082282
PPHNts_BS,-1.422015283303324e-12,0.0
GLU4ABUTtsi_BS,0.0,1.91402449445377e-12
HCO3(h)tsi_BS,0.0,20.863403786237576
NA1ATPases_BS,0.0,4.776565225565836
PYRts_BS,-0.0729951582399154,0.048824805038461615
NA1Hts_BS,0.0,4.7765652255653785
PYRtv_BS,-5.128814040133989e-12,0.0
SUCRtv_BS,-4.066469383445792e-12,0.0
FRUCtv_BS,-6.943778885215579e-12,0.0
GLCAtv_BS,0.0,1.8854917627209034e-12
H2Otv_BS,-0.15688253570527372,0.0
H2O2tv_BS,0.0,0.15688253570366756
ATP2tx_BS,0.0,1.197795031842517e-11
ATPtx_BS,-1.6727611254649984e-12,0.0
GLYtx_BS,-1.2403283374832013,0.0
SERtx_BS,0.0,1.3457060413599102
GLYCLTtx_BS,0.0,4.828418607948951
MALOAAtx_BS,-1.2224221011633676,0.2983084936091003
H2Otx_BS,-4.404043522334866,0.5966169872222544
CITx_BS,-0.2983084936106425,0.0
O2tx_BS,0.0,2.4142093039741646
ACtx_BS,-6.420772244063278e-12,0.0
SUCCtx_BS,0.0,9.903189379656396e-13
ACCOAtx_BS,-1.881328426378559e-12,0.5966169872185554
GLXtx_BS,-4.828418607943906,1.4227432786087546
GLUtx_BS,-2.166644641476978e-11,0.0
AKGtx_BS,-1.721478515293029e-11,0.0
GLYCRtx_BS,0.0,1.3457060413596356
NADPH2tx_BS,0.0,0.9023569737504521
NADPtx_BS,-0.9029131082895225,0.0
COA(h)tr_BS,-2.8096414084188837e-12,0.0
O2tu_BS,1.938915575483756,3.632756493665936
H2Otu_BS,-7.265512987334872,-3.8778311509768844
DM_photonDrain(u)_BS,36.980325102205605,38.692593286450226
DM_PHTC-A(c)_BS,0.0,1.9380053117856733e-12
DM_PHTC-B(c)_BS,-2.9676261448230434e-12,0.0
DM_PSI_BS,0.0,1.3358203432289883e-12
DM_PSII_BS,-9.320544336333114e-12,0.0
DM_Phloem_BS,0.34578473815848804,0.3457847381584886
ngam_atp_c_BS,0.5872818181818181,0.5872818181818181
ngam_atp_s_BS,-1.2191359033408844e-12,0.0
ngam_atp_x_BS,0.0,2.953082223200454e-12
ngam_nadphox_c_BS,0.0,0.15688253570345587
ngam_nadphox_m_BS,0.0,0.15688253569726096
RBPOs_BS,0.0,2.174281903478135
DM_o2(c)_BS,0.0,2.4142093039737462
ala-L_pd,-5.719810222771613,4.834746468641175
arg-L_pd,0.0,0.03312617791314528
asp-L_pd,-4.485128832343433,13.507447408303662
cys-L_pd,0.0,2.0923605729972206e-12
glu-L_pd,-4.253733197709511,6.489275655419322
gly_pd,0.0,9.45608940661426
his-L_pd,0.0,9.66878920677372e-13
ile-L_pd,0.0,0.007054008658433168
leu-L_pd,0.0,0.005947497496326004
phe-L_pd,0.0,0.001486874374081501
ser-L_pd,-4.761587242641187,1.3851733473768608
thr-L_pd,0.0,0.015214528478973498
tyr-L_pd,0.0,0.0018637797386791043
val-L_pd,0.0,0.014937900688446708
sucr_pd,0.0,0.6748334949901063
co2_pd,-4.505639426128482,0.0
h2o_pd,-88.04305554669338,0.0
o2_pd,-2.4142093039780277,0.0
pep_pd,0.0,10.302660020914226
pyr_pd,-4.733581529338413,5.785704915638296
mal-L_pd,-13.36007395291459,4.647242369748121
glu5p_pd,-0.03758680103782771,0.0
akg_pd,-4.716378570293822,4.373028932375308
icit_pd,-54.869904896199465,0.0
gal_pd,-18.040956298481387,20.482314013227914
g1p_pd,-36.85271720788401,22.178226638918552
tre_pd,-4.372448583755961e-12,0.0
tre6p_pd,-1.233685376078597e-11,9.905631870310572e-12
g6p-A_pd,0.0,26.323295423241618
melib_pd,0.0,8.064271472818518e-13
stc_pd,-1.8260948309034575e-12,0.0
raffin_pd,0.0,1.0559886298722176e-12
inost_pd,0.0,1.0097755964721955e-12
cit_pd,-54.82346516378033,0.46113852680886613
2pg_pd,-54.68619913314892,86.14924751736383
dhap_pd,-8.070233297546606,51.45279812818434
g3p_pd,-18.203235874909332,17.652367652665127
3pg_pd,-19.060707553490257,19.21059636203284
glyclt_pd,-2.7045265502660514,4.404043522333315
acon-C_pd,0.0,10.329727983797214
trans_MDHym_M,0.5609063531810818,0.6
trans_MDHm_M,0.0,9.095335871091844
trans_MDHs_BS,0.0,0.19856342804417088
trans_hco3ec_M,-15.5,0.0
