<?xml version="1.0" encoding="UTF-8" standalone="yes"?>
<vizmap documentVersion="3.0" id="VizMap-2019_04_16-15_43">
    <visualStyle name="default">
        <network>
            <visualProperty name="NETWORK_NODE_SELECTION" default="true"/>
            <visualProperty name="NETWORK_BACKGROUND_PAINT" default="#FFFFFF"/>
            <visualProperty name="NETWORK_SCALE_FACTOR" default="1.0"/>
            <visualProperty name="NETWORK_CENTER_Y_LOCATION" default="0.0"/>
            <visualProperty name="NETWORK_WIDTH" default="550.0"/>
            <visualProperty name="NETWORK_TITLE" default=""/>
            <visualProperty name="NETWORK_CENTER_Z_LOCATION" default="0.0"/>
            <visualProperty name="NETWORK_SIZE" default="550.0"/>
            <visualProperty name="NETWORK_EDGE_SELECTION" default="true"/>
            <visualProperty name="NETWORK_DEPTH" default="0.0"/>
            <visualProperty name="NETWORK_CENTER_X_LOCATION" default="0.0"/>
            <visualProperty name="NETWORK_HEIGHT" default="400.0"/>
        </network>
        <node>
            <dependency name="nodeCustomGraphicsSizeSync" value="true"/>
            <dependency name="nodeSizeLocked" value="false"/>
            <visualProperty name="NODE_CUSTOMPAINT_5" default="DefaultVisualizableVisualProperty(id=NODE_CUSTOMPAINT_5, name=Node Custom Paint 5)"/>
            <visualProperty name="NODE_CUSTOMGRAPHICS_SIZE_6" default="50.0"/>
            <visualProperty name="NODE_LABEL_FONT_SIZE" default="12"/>
            <visualProperty name="NODE_VISIBLE" default="true"/>
            <visualProperty name="NODE_CUSTOMPAINT_6" default="DefaultVisualizableVisualProperty(id=NODE_CUSTOMPAINT_6, name=Node Custom Paint 6)"/>
            <visualProperty name="NODE_LABEL_FONT_FACE" default="SansSerif.plain,plain,12"/>
            <visualProperty name="NODE_BORDER_PAINT" default="#CCCCCC"/>
            <visualProperty name="NODE_CUSTOMGRAPHICS_POSITION_3" default="C,C,c,0.00,0.00"/>
            <visualProperty name="NODE_CUSTOMPAINT_2" default="DefaultVisualizableVisualProperty(id=NODE_CUSTOMPAINT_2, name=Node Custom Paint 2)"/>
            <visualProperty name="NODE_CUSTOMGRAPHICS_POSITION_8" default="C,C,c,0.00,0.00"/>
            <visualProperty name="NODE_CUSTOMGRAPHICS_POSITION_4" default="C,C,c,0.00,0.00"/>
            <visualProperty name="NODE_CUSTOMGRAPHICS_SIZE_7" default="50.0"/>
            <visualProperty name="NODE_SHAPE" default="ROUND_RECTANGLE"/>
            <visualProperty name="NODE_BORDER_TRANSPARENCY" default="255"/>
            <visualProperty name="NODE_CUSTOMGRAPHICS_SIZE_9" default="50.0"/>
            <visualProperty name="NODE_TRANSPARENCY" default="255"/>
            <visualProperty name="NODE_CUSTOMPAINT_9" default="DefaultVisualizableVisualProperty(id=NODE_CUSTOMPAINT_9, name=Node Custom Paint 9)"/>
            <visualProperty name="NODE_LABEL_WIDTH" default="200.0"/>
            <visualProperty name="NODE_Y_LOCATION" default="0.0"/>
            <visualProperty name="NODE_CUSTOMGRAPHICS_POSITION_5" default="C,C,c,0.00,0.00"/>
            <visualProperty name="NODE_CUSTOMGRAPHICS_POSITION_2" default="C,C,c,0.00,0.00"/>
            <visualProperty name="NODE_BORDER_WIDTH" default="0.0"/>
            <visualProperty name="NODE_CUSTOMGRAPHICS_POSITION_6" default="C,C,c,0.00,0.00"/>
            <visualProperty name="NODE_CUSTOMGRAPHICS_1" default="org.cytoscape.ding.customgraphics.NullCustomGraphics,0,[ Remove Graphics ],"/>
            <visualProperty name="COMPOUND_NODE_SHAPE" default="ROUND_RECTANGLE"/>
            <visualProperty name="NODE_CUSTOMGRAPHICS_POSITION_1" default="C,C,c,0.00,0.00"/>
            <visualProperty name="NODE_LABEL_TRANSPARENCY" default="255"/>
            <visualProperty name="NODE_SIZE" default="35.0"/>
            <visualProperty name="NODE_X_LOCATION" default="0.0"/>
            <visualProperty name="NODE_PAINT" default="#1E90FF"/>
            <visualProperty name="NODE_NESTED_NETWORK_IMAGE_VISIBLE" default="true"/>
            <visualProperty name="NODE_CUSTOMGRAPHICS_SIZE_5" default="50.0"/>
            <visualProperty name="NODE_CUSTOMGRAPHICS_SIZE_4" default="50.0"/>
            <visualProperty name="NODE_CUSTOMPAINT_4" default="DefaultVisualizableVisualProperty(id=NODE_CUSTOMPAINT_4, name=Node Custom Paint 4)"/>
            <visualProperty name="NODE_CUSTOMGRAPHICS_POSITION_9" default="C,C,c,0.00,0.00"/>
            <visualProperty name="NODE_CUSTOMGRAPHICS_SIZE_3" default="50.0"/>
            <visualProperty name="NODE_CUSTOMGRAPHICS_7" default="org.cytoscape.ding.customgraphics.NullCustomGraphics,0,[ Remove Graphics ],"/>
            <visualProperty name="NODE_CUSTOMGRAPHICS_5" default="org.cytoscape.ding.customgraphics.NullCustomGraphics,0,[ Remove Graphics ],"/>
            <visualProperty name="NODE_CUSTOMGRAPHICS_3" default="org.cytoscape.ding.customgraphics.NullCustomGraphics,0,[ Remove Graphics ],"/>
            <visualProperty name="NODE_WIDTH" default="75.0"/>
            <visualProperty name="NODE_Z_LOCATION" default="0.0"/>
            <visualProperty name="NODE_CUSTOMGRAPHICS_4" default="org.cytoscape.ding.customgraphics.NullCustomGraphics,0,[ Remove Graphics ],"/>
            <visualProperty name="NODE_CUSTOMPAINT_7" default="DefaultVisualizableVisualProperty(id=NODE_CUSTOMPAINT_7, name=Node Custom Paint 7)"/>
            <visualProperty name="NODE_LABEL" default="">
                <passthroughMapping attributeType="string" attributeName="name"/>
            </visualProperty>
            <visualProperty name="NODE_LABEL_POSITION" default="C,C,c,0.00,0.00"/>
            <visualProperty name="NODE_CUSTOMPAINT_8" default="DefaultVisualizableVisualProperty(id=NODE_CUSTOMPAINT_8, name=Node Custom Paint 8)"/>
            <visualProperty name="NODE_CUSTOMGRAPHICS_2" default="org.cytoscape.ding.customgraphics.NullCustomGraphics,0,[ Remove Graphics ],"/>
            <visualProperty name="NODE_CUSTOMPAINT_1" default="DefaultVisualizableVisualProperty(id=NODE_CUSTOMPAINT_1, name=Node Custom Paint 1)"/>
            <visualProperty name="COMPOUND_NODE_PADDING" default="10.0"/>
            <visualProperty name="NODE_CUSTOMGRAPHICS_6" default="org.cytoscape.ding.customgraphics.NullCustomGraphics,0,[ Remove Graphics ],"/>
            <visualProperty name="NODE_CUSTOMGRAPHICS_8" default="org.cytoscape.ding.customgraphics.NullCustomGraphics,0,[ Remove Graphics ],"/>
            <visualProperty name="NODE_CUSTOMPAINT_3" default="DefaultVisualizableVisualProperty(id=NODE_CUSTOMPAINT_3, name=Node Custom Paint 3)"/>
            <visualProperty name="NODE_DEPTH" default="0.0"/>
            <visualProperty name="NODE_TOOLTIP" default=""/>
            <visualProperty name="NODE_CUSTOMGRAPHICS_SIZE_2" default="50.0"/>
            <visualProperty name="NODE_CUSTOMGRAPHICS_SIZE_8" default="50.0"/>
            <visualProperty name="NODE_CUSTOMGRAPHICS_SIZE_1" default="50.0"/>
            <visualProperty name="NODE_SELECTED" default="false"/>
            <visualProperty name="NODE_LABEL_COLOR" default="#000000"/>
            <visualProperty name="NODE_BORDER_STROKE" default="SOLID"/>
            <visualProperty name="NODE_HEIGHT" default="35.0"/>
            <visualProperty name="NODE_CUSTOMGRAPHICS_9" default="org.cytoscape.ding.customgraphics.NullCustomGraphics,0,[ Remove Graphics ],"/>
            <visualProperty name="NODE_CUSTOMGRAPHICS_POSITION_7" default="C,C,c,0.00,0.00"/>
            <visualProperty name="NODE_SELECTED_PAINT" default="#FFFF00"/>
            <visualProperty name="NODE_FILL_COLOR" default="#89D0F5"/>
        </node>
        <edge>
            <dependency name="arrowColorMatchesEdge" value="false"/>
            <visualProperty name="EDGE_SOURCE_ARROW_SELECTED_PAINT" default="#FFFF00"/>
            <visualProperty name="EDGE_TRANSPARENCY" default="255"/>
            <visualProperty name="EDGE_SOURCE_ARROW_SHAPE" default="NONE"/>
            <visualProperty name="EDGE_BEND" default=""/>
            <visualProperty name="EDGE_LABEL_WIDTH" default="200.0"/>
            <visualProperty name="EDGE_SELECTED" default="false"/>
            <visualProperty name="EDGE_STROKE_UNSELECTED_PAINT" default="#848484"/>
            <visualProperty name="EDGE_LABEL_COLOR" default="#000000"/>
            <visualProperty name="EDGE_VISIBLE" default="true"/>
            <visualProperty name="EDGE_TARGET_ARROW_SIZE" default="6.0"/>
            <visualProperty name="EDGE_LABEL_FONT_FACE" default="Dialog.plain,plain,10"/>
            <visualProperty name="EDGE_LABEL_FONT_SIZE" default="10"/>
            <visualProperty name="EDGE_TARGET_ARROW_SELECTED_PAINT" default="#FFFF00"/>
            <visualProperty name="EDGE_TARGET_ARROW_SHAPE" default="NONE"/>
            <visualProperty name="EDGE_LABEL" default=""/>
            <visualProperty name="EDGE_LABEL_TRANSPARENCY" default="255"/>
            <visualProperty name="EDGE_SOURCE_ARROW_UNSELECTED_PAINT" default="#000000"/>
            <visualProperty name="EDGE_PAINT" default="#323232"/>
            <visualProperty name="EDGE_LINE_TYPE" default="SOLID"/>
            <visualProperty name="EDGE_CURVED" default="true"/>
            <visualProperty name="EDGE_TARGET_ARROW_UNSELECTED_PAINT" default="#000000"/>
            <visualProperty name="EDGE_UNSELECTED_PAINT" default="#404040"/>
            <visualProperty name="EDGE_STROKE_SELECTED_PAINT" default="#FF0000"/>
            <visualProperty name="EDGE_SELECTED_PAINT" default="#FF0000"/>
            <visualProperty name="EDGE_SOURCE_ARROW_SIZE" default="6.0"/>
            <visualProperty name="EDGE_TOOLTIP" default=""/>
            <visualProperty name="EDGE_WIDTH" default="2.0"/>
        </edge>
    </visualStyle>
    <visualStyle name="SweetloveStyle">
        <network>
            <visualProperty name="NETWORK_NODE_SELECTION" default="true"/>
            <visualProperty name="NETWORK_BACKGROUND_PAINT" default="#FFFFFF"/>
            <visualProperty name="NETWORK_SCALE_FACTOR" default="1.0"/>
            <visualProperty name="NETWORK_CENTER_Y_LOCATION" default="0.0"/>
            <visualProperty name="NETWORK_WIDTH" default="550.0"/>
            <visualProperty name="NETWORK_TITLE" default=""/>
            <visualProperty name="NETWORK_CENTER_Z_LOCATION" default="0.0"/>
            <visualProperty name="NETWORK_EDGE_SELECTION" default="true"/>
            <visualProperty name="NETWORK_DEPTH" default="0.0"/>
            <visualProperty name="NETWORK_CENTER_X_LOCATION" default="0.0"/>
            <visualProperty name="NETWORK_HEIGHT" default="400.0"/>
        </network>
        <node>
            <dependency name="nodeCustomGraphicsSizeSync" value="true"/>
            <dependency name="nodeSizeLocked" value="true"/>
            <visualProperty name="NODE_CUSTOMPAINT_5" default="DefaultVisualizableVisualProperty(id=NODE_CUSTOMPAINT_5, name=Node Custom Paint 5)"/>
            <visualProperty name="NODE_CUSTOMGRAPHICS_SIZE_6" default="0.0"/>
            <visualProperty name="NODE_LABEL_FONT_SIZE" default="12"/>
            <visualProperty name="NODE_VISIBLE" default="true"/>
            <visualProperty name="NODE_CUSTOMPAINT_6" default="DefaultVisualizableVisualProperty(id=NODE_CUSTOMPAINT_6, name=Node Custom Paint 6)"/>
            <visualProperty name="NODE_LABEL_FONT_FACE" default="SansSerif.plain,plain,12"/>
            <visualProperty name="NODE_BORDER_PAINT" default="#000000"/>
            <visualProperty name="NODE_CUSTOMGRAPHICS_POSITION_3" default="C,C,c,0.00,0.00"/>
            <visualProperty name="NODE_CUSTOMPAINT_2" default="DefaultVisualizableVisualProperty(id=NODE_CUSTOMPAINT_2, name=Node Custom Paint 2)"/>
            <visualProperty name="NODE_CUSTOMGRAPHICS_POSITION_8" default="C,C,c,0.00,0.00"/>
            <visualProperty name="NODE_CUSTOMGRAPHICS_POSITION_4" default="C,C,c,0.00,0.00"/>
            <visualProperty name="NODE_CUSTOMGRAPHICS_SIZE_7" default="0.0"/>
            <visualProperty name="NODE_SHAPE" default="ELLIPSE">
                <discreteMapping attributeType="string" attributeName="sbml_type">
                    <discreteMappingEntry value="DIAMOND" attributeValue="reaction"/>
                </discreteMapping>
            </visualProperty>
            <visualProperty name="NODE_BORDER_TRANSPARENCY" default="255"/>
            <visualProperty name="NODE_CUSTOMGRAPHICS_SIZE_9" default="0.0"/>
            <visualProperty name="NODE_TRANSPARENCY" default="255"/>
            <visualProperty name="NODE_CUSTOMPAINT_9" default="DefaultVisualizableVisualProperty(id=NODE_CUSTOMPAINT_9, name=Node Custom Paint 9)"/>
            <visualProperty name="NODE_LABEL_WIDTH" default="200.0"/>
            <visualProperty name="NODE_Y_LOCATION" default="0.0"/>
            <visualProperty name="NODE_CUSTOMGRAPHICS_POSITION_5" default="C,C,c,0.00,0.00"/>
            <visualProperty name="NODE_CUSTOMGRAPHICS_POSITION_2" default="C,C,c,0.00,0.00"/>
            <visualProperty name="NODE_BORDER_WIDTH" default="2.0"/>
            <visualProperty name="NODE_CUSTOMGRAPHICS_POSITION_6" default="C,C,c,0.00,0.00"/>
            <visualProperty name="NODE_CUSTOMGRAPHICS_1" default="org.cytoscape.ding.customgraphics.NullCustomGraphics,0,[ Remove Graphics ],"/>
            <visualProperty name="COMPOUND_NODE_SHAPE" default="ROUND_RECTANGLE"/>
            <visualProperty name="NODE_CUSTOMGRAPHICS_POSITION_1" default="C,C,c,0.00,0.00"/>
            <visualProperty name="NODE_LABEL_TRANSPARENCY" default="255"/>
            <visualProperty name="NODE_SIZE" default="50.0">
                <discreteMapping attributeType="string" attributeName="sbml_type">
                    <discreteMappingEntry value="25.0" attributeValue="reaction"/>
                    <discreteMappingEntry value="50.0" attributeValue="species"/>
                </discreteMapping>
            </visualProperty>
            <visualProperty name="NODE_X_LOCATION" default="0.0"/>
            <visualProperty name="NODE_PAINT" default="#787878"/>
            <visualProperty name="NODE_NESTED_NETWORK_IMAGE_VISIBLE" default="true"/>
            <visualProperty name="NODE_CUSTOMGRAPHICS_SIZE_5" default="0.0"/>
            <visualProperty name="NODE_CUSTOMGRAPHICS_SIZE_4" default="0.0"/>
            <visualProperty name="NODE_CUSTOMPAINT_4" default="DefaultVisualizableVisualProperty(id=NODE_CUSTOMPAINT_4, name=Node Custom Paint 4)"/>
            <visualProperty name="NODE_CUSTOMGRAPHICS_POSITION_9" default="C,C,c,0.00,0.00"/>
            <visualProperty name="NODE_CUSTOMGRAPHICS_SIZE_3" default="0.0"/>
            <visualProperty name="NODE_CUSTOMGRAPHICS_7" default="org.cytoscape.ding.customgraphics.NullCustomGraphics,0,[ Remove Graphics ],"/>
            <visualProperty name="NODE_CUSTOMGRAPHICS_5" default="org.cytoscape.ding.customgraphics.NullCustomGraphics,0,[ Remove Graphics ],"/>
            <visualProperty name="NODE_CUSTOMGRAPHICS_3" default="org.cytoscape.ding.customgraphics.NullCustomGraphics,0,[ Remove Graphics ],"/>
            <visualProperty name="NODE_WIDTH" default="60.0"/>
            <visualProperty name="NODE_Z_LOCATION" default="0.0"/>
            <visualProperty name="NODE_CUSTOMGRAPHICS_4" default="org.cytoscape.ding.customgraphics.NullCustomGraphics,0,[ Remove Graphics ],"/>
            <visualProperty name="NODE_CUSTOMPAINT_7" default="DefaultVisualizableVisualProperty(id=NODE_CUSTOMPAINT_7, name=Node Custom Paint 7)"/>
            <visualProperty name="NODE_LABEL" default="">
                <passthroughMapping attributeType="string" attributeName="shared_name"/>
            </visualProperty>
            <visualProperty name="NODE_LABEL_POSITION" default="C,C,c,0.00,0.00"/>
            <visualProperty name="NODE_CUSTOMPAINT_8" default="DefaultVisualizableVisualProperty(id=NODE_CUSTOMPAINT_8, name=Node Custom Paint 8)"/>
            <visualProperty name="NODE_CUSTOMGRAPHICS_2" default="org.cytoscape.ding.customgraphics.NullCustomGraphics,0,[ Remove Graphics ],"/>
            <visualProperty name="NODE_CUSTOMPAINT_1" default="DefaultVisualizableVisualProperty(id=NODE_CUSTOMPAINT_1, name=Node Custom Paint 1)"/>
            <visualProperty name="COMPOUND_NODE_PADDING" default="10.0"/>
            <visualProperty name="NODE_CUSTOMGRAPHICS_6" default="org.cytoscape.ding.customgraphics.NullCustomGraphics,0,[ Remove Graphics ],"/>
            <visualProperty name="NODE_CUSTOMGRAPHICS_8" default="org.cytoscape.ding.customgraphics.NullCustomGraphics,0,[ Remove Graphics ],"/>
            <visualProperty name="NODE_CUSTOMPAINT_3" default="DefaultVisualizableVisualProperty(id=NODE_CUSTOMPAINT_3, name=Node Custom Paint 3)"/>
            <visualProperty name="NODE_DEPTH" default="0.0"/>
            <visualProperty name="NODE_TOOLTIP" default=""/>
            <visualProperty name="NODE_CUSTOMGRAPHICS_SIZE_2" default="0.0"/>
            <visualProperty name="NODE_CUSTOMGRAPHICS_SIZE_8" default="0.0"/>
            <visualProperty name="NODE_CUSTOMGRAPHICS_SIZE_1" default="0.0"/>
            <visualProperty name="NODE_SELECTED" default="false"/>
            <visualProperty name="NODE_LABEL_COLOR" default="#000000"/>
            <visualProperty name="NODE_BORDER_STROKE" default="SOLID"/>
            <visualProperty name="NODE_HEIGHT" default="40.0"/>
            <visualProperty name="NODE_CUSTOMGRAPHICS_9" default="org.cytoscape.ding.customgraphics.NullCustomGraphics,0,[ Remove Graphics ],"/>
            <visualProperty name="NODE_CUSTOMGRAPHICS_POSITION_7" default="C,C,c,0.00,0.00"/>
            <visualProperty name="NODE_SELECTED_PAINT" default="#FFFF00"/>
            <visualProperty name="NODE_FILL_COLOR" default="#C80000">
                <discreteMapping attributeType="string" attributeName="sbml_compartment">
                    <discreteMappingEntry value="#CCCCCC" attributeValue=""/>
                    <discreteMappingEntry value="#000000" attributeValue="b"/>
                    <discreteMappingEntry value="#3333FF" attributeValue="c"/>
                    <discreteMappingEntry value="#999999" attributeValue="e"/>
                    <discreteMappingEntry value="#FF0000" attributeValue="i"/>
                    <discreteMappingEntry value="#00CC00" attributeValue="l"/>
                    <discreteMappingEntry value="#FF0000" attributeValue="m"/>
                    <discreteMappingEntry value="#00FF00" attributeValue="p"/>
                    <discreteMappingEntry value="#FFFF00" attributeValue="t"/>
                    <discreteMappingEntry value="#FF0000" attributeValue="mc"/>
                    <discreteMappingEntry value="#FF33FF" attributeValue="v"/>
                    <discreteMappingEntry value="#FF9933" attributeValue="x"/>
                    <discreteMappingEntry value="#FF0000" attributeValue="mi"/>
                </discreteMapping>
            </visualProperty>
        </node>
        <edge>
            <dependency name="arrowColorMatchesEdge" value="false"/>
            <visualProperty name="EDGE_SOURCE_ARROW_SELECTED_PAINT" default="#FFFF00"/>
            <visualProperty name="EDGE_TRANSPARENCY" default="255"/>
            <visualProperty name="EDGE_SOURCE_ARROW_SHAPE" default="NONE">
                <discreteMapping attributeType="string" attributeName="interaction_type">
                    <discreteMappingEntry value="ARROW" attributeValue="reaction-product"/>
                </discreteMapping>
            </visualProperty>
            <visualProperty name="EDGE_BEND"/>
            <visualProperty name="EDGE_LABEL_WIDTH" default="200.0"/>
            <visualProperty name="EDGE_SELECTED" default="false"/>
            <visualProperty name="EDGE_STROKE_UNSELECTED_PAINT" default="#404040"/>
            <visualProperty name="EDGE_LABEL_COLOR" default="#000000"/>
            <visualProperty name="EDGE_VISIBLE" default="true"/>
            <visualProperty name="EDGE_TARGET_ARROW_SIZE" default="6.0"/>
            <visualProperty name="EDGE_LABEL_FONT_FACE" default="SansSerif.plain,plain,10"/>
            <visualProperty name="EDGE_LABEL_FONT_SIZE" default="10"/>
            <visualProperty name="EDGE_TARGET_ARROW_SELECTED_PAINT" default="#FFFF00"/>
            <visualProperty name="EDGE_TARGET_ARROW_SHAPE" default="NONE">
                <discreteMapping attributeType="string" attributeName="interaction_type">
                    <discreteMappingEntry value="ARROW" attributeValue="reaction-reactant"/>
                </discreteMapping>
            </visualProperty>
            <visualProperty name="EDGE_LABEL" default=""/>
            <visualProperty name="EDGE_LABEL_TRANSPARENCY" default="255"/>
            <visualProperty name="EDGE_SOURCE_ARROW_UNSELECTED_PAINT" default="#000000"/>
            <visualProperty name="EDGE_PAINT" default="#808080"/>
            <visualProperty name="EDGE_LINE_TYPE" default="SOLID"/>
            <visualProperty name="EDGE_CURVED" default="true"/>
            <visualProperty name="EDGE_TARGET_ARROW_UNSELECTED_PAINT" default="#000000"/>
            <visualProperty name="EDGE_UNSELECTED_PAINT" default="#404040"/>
            <visualProperty name="EDGE_STROKE_SELECTED_PAINT" default="#FF0000"/>
            <visualProperty name="EDGE_SELECTED_PAINT" default="#FF0000"/>
            <visualProperty name="EDGE_SOURCE_ARROW_SIZE" default="6.0"/>
            <visualProperty name="EDGE_TOOLTIP" default=""/>
            <visualProperty name="EDGE_WIDTH" default="1.0"/>
        </edge>
    </visualStyle>
</vizmap>
