<?xml version="1.0" encoding="UTF-8" standalone="yes"?>
<cyTables>
    <virtualColumns>
        <virtualColumn immutable="false" targetJoinKey="SUID" targetTable="18576-core_model_4GA_05_01_18.xml_4%281%29/LOCAL_ATTRS-org.cytoscape.model.CyEdge-core_model_4GA_05_01_18.xml_4%281%29+default+edge.cytable" sourceJoinKey="SUID" sourceTable="11320-manual_layout_old_10_04_19.cyjs/SHARED_ATTRS-org.cytoscape.model.CyEdge-11320+shared+edge.cytable" sourceColumn="shared name" name="shared name"/>
        <virtualColumn immutable="false" targetJoinKey="SUID" targetTable="18576-core_model_4GA_05_01_18.xml_4%281%29/LOCAL_ATTRS-org.cytoscape.model.CyEdge-core_model_4GA_05_01_18.xml_4%281%29+default+edge.cytable" sourceJoinKey="SUID" sourceTable="11320-manual_layout_old_10_04_19.cyjs/SHARED_ATTRS-org.cytoscape.model.CyEdge-11320+shared+edge.cytable" sourceColumn="shared interaction" name="shared interaction"/>
        <virtualColumn immutable="false" targetJoinKey="SUID" targetTable="18576-core_model_4GA_05_01_18.xml_4%281%29/LOCAL_ATTRS-org.cytoscape.model.CyEdge-core_model_4GA_05_01_18.xml_4%281%29+default+edge.cytable" sourceJoinKey="SUID" sourceTable="11320-manual_layout_old_10_04_19.cyjs/SHARED_ATTRS-org.cytoscape.model.CyEdge-11320+shared+edge.cytable" sourceColumn="id" name="id"/>
        <virtualColumn immutable="false" targetJoinKey="SUID" targetTable="18576-core_model_4GA_05_01_18.xml_4%281%29/LOCAL_ATTRS-org.cytoscape.model.CyEdge-core_model_4GA_05_01_18.xml_4%281%29+default+edge.cytable" sourceJoinKey="SUID" sourceTable="11320-manual_layout_old_10_04_19.cyjs/SHARED_ATTRS-org.cytoscape.model.CyEdge-11320+shared+edge.cytable" sourceColumn="source" name="source"/>
        <virtualColumn immutable="false" targetJoinKey="SUID" targetTable="18576-core_model_4GA_05_01_18.xml_4%281%29/LOCAL_ATTRS-org.cytoscape.model.CyEdge-core_model_4GA_05_01_18.xml_4%281%29+default+edge.cytable" sourceJoinKey="SUID" sourceTable="11320-manual_layout_old_10_04_19.cyjs/SHARED_ATTRS-org.cytoscape.model.CyEdge-11320+shared+edge.cytable" sourceColumn="target" name="target"/>
        <virtualColumn immutable="false" targetJoinKey="SUID" targetTable="18576-core_model_4GA_05_01_18.xml_4%281%29/LOCAL_ATTRS-org.cytoscape.model.CyEdge-core_model_4GA_05_01_18.xml_4%281%29+default+edge.cytable" sourceJoinKey="SUID" sourceTable="11320-manual_layout_old_10_04_19.cyjs/SHARED_ATTRS-org.cytoscape.model.CyEdge-11320+shared+edge.cytable" sourceColumn="id_original" name="id_original"/>
        <virtualColumn immutable="false" targetJoinKey="SUID" targetTable="18576-core_model_4GA_05_01_18.xml_4%281%29/LOCAL_ATTRS-org.cytoscape.model.CyEdge-core_model_4GA_05_01_18.xml_4%281%29+default+edge.cytable" sourceJoinKey="SUID" sourceTable="11320-manual_layout_old_10_04_19.cyjs/SHARED_ATTRS-org.cytoscape.model.CyEdge-11320+shared+edge.cytable" sourceColumn="shared_interaction" name="shared_interaction"/>
        <virtualColumn immutable="false" targetJoinKey="SUID" targetTable="18576-core_model_4GA_05_01_18.xml_4%281%29/LOCAL_ATTRS-org.cytoscape.model.CyEdge-core_model_4GA_05_01_18.xml_4%281%29+default+edge.cytable" sourceJoinKey="SUID" sourceTable="11320-manual_layout_old_10_04_19.cyjs/SHARED_ATTRS-org.cytoscape.model.CyEdge-11320+shared+edge.cytable" sourceColumn="interaction_type" name="interaction_type"/>
        <virtualColumn immutable="false" targetJoinKey="SUID" targetTable="18576-core_model_4GA_05_01_18.xml_4%281%29/LOCAL_ATTRS-org.cytoscape.model.CyEdge-core_model_4GA_05_01_18.xml_4%281%29+default+edge.cytable" sourceJoinKey="SUID" sourceTable="11320-manual_layout_old_10_04_19.cyjs/SHARED_ATTRS-org.cytoscape.model.CyEdge-11320+shared+edge.cytable" sourceColumn="source_original" name="source_original"/>
        <virtualColumn immutable="false" targetJoinKey="SUID" targetTable="18576-core_model_4GA_05_01_18.xml_4%281%29/LOCAL_ATTRS-org.cytoscape.model.CyEdge-core_model_4GA_05_01_18.xml_4%281%29+default+edge.cytable" sourceJoinKey="SUID" sourceTable="11320-manual_layout_old_10_04_19.cyjs/SHARED_ATTRS-org.cytoscape.model.CyEdge-11320+shared+edge.cytable" sourceColumn="shared_name" name="shared_name"/>
        <virtualColumn immutable="false" targetJoinKey="SUID" targetTable="18576-core_model_4GA_05_01_18.xml_4%281%29/LOCAL_ATTRS-org.cytoscape.model.CyEdge-core_model_4GA_05_01_18.xml_4%281%29+default+edge.cytable" sourceJoinKey="SUID" sourceTable="11320-manual_layout_old_10_04_19.cyjs/SHARED_ATTRS-org.cytoscape.model.CyEdge-11320+shared+edge.cytable" sourceColumn="target_original" name="target_original"/>
        <virtualColumn immutable="false" targetJoinKey="SUID" targetTable="11336-core_model_4GA_05_01_18.xml_4/LOCAL_ATTRS-org.cytoscape.model.CyEdge-core_model_4GA_05_01_18.xml_4+default+edge.cytable" sourceJoinKey="SUID" sourceTable="11320-manual_layout_old_10_04_19.cyjs/SHARED_ATTRS-org.cytoscape.model.CyEdge-11320+shared+edge.cytable" sourceColumn="shared name" name="shared name"/>
        <virtualColumn immutable="false" targetJoinKey="SUID" targetTable="11336-core_model_4GA_05_01_18.xml_4/LOCAL_ATTRS-org.cytoscape.model.CyEdge-core_model_4GA_05_01_18.xml_4+default+edge.cytable" sourceJoinKey="SUID" sourceTable="11320-manual_layout_old_10_04_19.cyjs/SHARED_ATTRS-org.cytoscape.model.CyEdge-11320+shared+edge.cytable" sourceColumn="shared interaction" name="shared interaction"/>
        <virtualColumn immutable="false" targetJoinKey="SUID" targetTable="11336-core_model_4GA_05_01_18.xml_4/LOCAL_ATTRS-org.cytoscape.model.CyEdge-core_model_4GA_05_01_18.xml_4+default+edge.cytable" sourceJoinKey="SUID" sourceTable="11320-manual_layout_old_10_04_19.cyjs/SHARED_ATTRS-org.cytoscape.model.CyEdge-11320+shared+edge.cytable" sourceColumn="id" name="id"/>
        <virtualColumn immutable="false" targetJoinKey="SUID" targetTable="11336-core_model_4GA_05_01_18.xml_4/LOCAL_ATTRS-org.cytoscape.model.CyEdge-core_model_4GA_05_01_18.xml_4+default+edge.cytable" sourceJoinKey="SUID" sourceTable="11320-manual_layout_old_10_04_19.cyjs/SHARED_ATTRS-org.cytoscape.model.CyEdge-11320+shared+edge.cytable" sourceColumn="source" name="source"/>
        <virtualColumn immutable="false" targetJoinKey="SUID" targetTable="11336-core_model_4GA_05_01_18.xml_4/LOCAL_ATTRS-org.cytoscape.model.CyEdge-core_model_4GA_05_01_18.xml_4+default+edge.cytable" sourceJoinKey="SUID" sourceTable="11320-manual_layout_old_10_04_19.cyjs/SHARED_ATTRS-org.cytoscape.model.CyEdge-11320+shared+edge.cytable" sourceColumn="target" name="target"/>
        <virtualColumn immutable="false" targetJoinKey="SUID" targetTable="11336-core_model_4GA_05_01_18.xml_4/LOCAL_ATTRS-org.cytoscape.model.CyEdge-core_model_4GA_05_01_18.xml_4+default+edge.cytable" sourceJoinKey="SUID" sourceTable="11320-manual_layout_old_10_04_19.cyjs/SHARED_ATTRS-org.cytoscape.model.CyEdge-11320+shared+edge.cytable" sourceColumn="id_original" name="id_original"/>
        <virtualColumn immutable="false" targetJoinKey="SUID" targetTable="11336-core_model_4GA_05_01_18.xml_4/LOCAL_ATTRS-org.cytoscape.model.CyEdge-core_model_4GA_05_01_18.xml_4+default+edge.cytable" sourceJoinKey="SUID" sourceTable="11320-manual_layout_old_10_04_19.cyjs/SHARED_ATTRS-org.cytoscape.model.CyEdge-11320+shared+edge.cytable" sourceColumn="shared_interaction" name="shared_interaction"/>
        <virtualColumn immutable="false" targetJoinKey="SUID" targetTable="11336-core_model_4GA_05_01_18.xml_4/LOCAL_ATTRS-org.cytoscape.model.CyEdge-core_model_4GA_05_01_18.xml_4+default+edge.cytable" sourceJoinKey="SUID" sourceTable="11320-manual_layout_old_10_04_19.cyjs/SHARED_ATTRS-org.cytoscape.model.CyEdge-11320+shared+edge.cytable" sourceColumn="interaction_type" name="interaction_type"/>
        <virtualColumn immutable="false" targetJoinKey="SUID" targetTable="11336-core_model_4GA_05_01_18.xml_4/LOCAL_ATTRS-org.cytoscape.model.CyEdge-core_model_4GA_05_01_18.xml_4+default+edge.cytable" sourceJoinKey="SUID" sourceTable="11320-manual_layout_old_10_04_19.cyjs/SHARED_ATTRS-org.cytoscape.model.CyEdge-11320+shared+edge.cytable" sourceColumn="source_original" name="source_original"/>
        <virtualColumn immutable="false" targetJoinKey="SUID" targetTable="11336-core_model_4GA_05_01_18.xml_4/LOCAL_ATTRS-org.cytoscape.model.CyEdge-core_model_4GA_05_01_18.xml_4+default+edge.cytable" sourceJoinKey="SUID" sourceTable="11320-manual_layout_old_10_04_19.cyjs/SHARED_ATTRS-org.cytoscape.model.CyEdge-11320+shared+edge.cytable" sourceColumn="shared_name" name="shared_name"/>
        <virtualColumn immutable="false" targetJoinKey="SUID" targetTable="11336-core_model_4GA_05_01_18.xml_4/LOCAL_ATTRS-org.cytoscape.model.CyEdge-core_model_4GA_05_01_18.xml_4+default+edge.cytable" sourceJoinKey="SUID" sourceTable="11320-manual_layout_old_10_04_19.cyjs/SHARED_ATTRS-org.cytoscape.model.CyEdge-11320+shared+edge.cytable" sourceColumn="target_original" name="target_original"/>
        <virtualColumn immutable="false" targetJoinKey="SUID" targetTable="11320-manual_layout_old_10_04_19.cyjs/LOCAL_ATTRS-org.cytoscape.model.CyNetwork-11320+default+network.cytable" sourceJoinKey="SUID" sourceTable="11320-manual_layout_old_10_04_19.cyjs/SHARED_ATTRS-org.cytoscape.model.CyNetwork-11320+shared+network.cytable" sourceColumn="shared name" name="shared name"/>
        <virtualColumn immutable="false" targetJoinKey="SUID" targetTable="18576-core_model_4GA_05_01_18.xml_4%281%29/LOCAL_ATTRS-org.cytoscape.model.CyNode-core_model_4GA_05_01_18.xml_4%281%29+default+node.cytable" sourceJoinKey="SUID" sourceTable="11320-manual_layout_old_10_04_19.cyjs/SHARED_ATTRS-org.cytoscape.model.CyNode-11320+shared+node.cytable" sourceColumn="shared name" name="shared name"/>
        <virtualColumn immutable="false" targetJoinKey="SUID" targetTable="18576-core_model_4GA_05_01_18.xml_4%281%29/LOCAL_ATTRS-org.cytoscape.model.CyNode-core_model_4GA_05_01_18.xml_4%281%29+default+node.cytable" sourceJoinKey="SUID" sourceTable="11320-manual_layout_old_10_04_19.cyjs/SHARED_ATTRS-org.cytoscape.model.CyNode-11320+shared+node.cytable" sourceColumn="id" name="id"/>
        <virtualColumn immutable="false" targetJoinKey="SUID" targetTable="18576-core_model_4GA_05_01_18.xml_4%281%29/LOCAL_ATTRS-org.cytoscape.model.CyNode-core_model_4GA_05_01_18.xml_4%281%29+default+node.cytable" sourceJoinKey="SUID" sourceTable="11320-manual_layout_old_10_04_19.cyjs/SHARED_ATTRS-org.cytoscape.model.CyNode-11320+shared+node.cytable" sourceColumn="id_original" name="id_original"/>
        <virtualColumn immutable="false" targetJoinKey="SUID" targetTable="18576-core_model_4GA_05_01_18.xml_4%281%29/LOCAL_ATTRS-org.cytoscape.model.CyNode-core_model_4GA_05_01_18.xml_4%281%29+default+node.cytable" sourceJoinKey="SUID" sourceTable="11320-manual_layout_old_10_04_19.cyjs/SHARED_ATTRS-org.cytoscape.model.CyNode-11320+shared+node.cytable" sourceColumn="sbml_initial_amount" name="sbml_initial_amount"/>
        <virtualColumn immutable="false" targetJoinKey="SUID" targetTable="18576-core_model_4GA_05_01_18.xml_4%281%29/LOCAL_ATTRS-org.cytoscape.model.CyNode-core_model_4GA_05_01_18.xml_4%281%29+default+node.cytable" sourceJoinKey="SUID" sourceTable="11320-manual_layout_old_10_04_19.cyjs/SHARED_ATTRS-org.cytoscape.model.CyNode-11320+shared+node.cytable" sourceColumn="kineticLaw_units" name="kineticLaw_units"/>
        <virtualColumn immutable="false" targetJoinKey="SUID" targetTable="18576-core_model_4GA_05_01_18.xml_4%281%29/LOCAL_ATTRS-org.cytoscape.model.CyNode-core_model_4GA_05_01_18.xml_4%281%29+default+node.cytable" sourceJoinKey="SUID" sourceTable="11320-manual_layout_old_10_04_19.cyjs/SHARED_ATTRS-org.cytoscape.model.CyNode-11320+shared+node.cytable" sourceColumn="shared_name" name="shared_name"/>
        <virtualColumn immutable="false" targetJoinKey="SUID" targetTable="18576-core_model_4GA_05_01_18.xml_4%281%29/LOCAL_ATTRS-org.cytoscape.model.CyNode-core_model_4GA_05_01_18.xml_4%281%29+default+node.cytable" sourceJoinKey="SUID" sourceTable="11320-manual_layout_old_10_04_19.cyjs/SHARED_ATTRS-org.cytoscape.model.CyNode-11320+shared+node.cytable" sourceColumn="sbml_initial_concentration" name="sbml_initial_concentration"/>
        <virtualColumn immutable="false" targetJoinKey="SUID" targetTable="18576-core_model_4GA_05_01_18.xml_4%281%29/LOCAL_ATTRS-org.cytoscape.model.CyNode-core_model_4GA_05_01_18.xml_4%281%29+default+node.cytable" sourceJoinKey="SUID" sourceTable="11320-manual_layout_old_10_04_19.cyjs/SHARED_ATTRS-org.cytoscape.model.CyNode-11320+shared+node.cytable" sourceColumn="sbml_compartment" name="sbml_compartment"/>
        <virtualColumn immutable="false" targetJoinKey="SUID" targetTable="18576-core_model_4GA_05_01_18.xml_4%281%29/LOCAL_ATTRS-org.cytoscape.model.CyNode-core_model_4GA_05_01_18.xml_4%281%29+default+node.cytable" sourceJoinKey="SUID" sourceTable="11320-manual_layout_old_10_04_19.cyjs/SHARED_ATTRS-org.cytoscape.model.CyNode-11320+shared+node.cytable" sourceColumn="sbml_id" name="sbml_id"/>
        <virtualColumn immutable="false" targetJoinKey="SUID" targetTable="18576-core_model_4GA_05_01_18.xml_4%281%29/LOCAL_ATTRS-org.cytoscape.model.CyNode-core_model_4GA_05_01_18.xml_4%281%29+default+node.cytable" sourceJoinKey="SUID" sourceTable="11320-manual_layout_old_10_04_19.cyjs/SHARED_ATTRS-org.cytoscape.model.CyNode-11320+shared+node.cytable" sourceColumn="kineticLaw_" name="kineticLaw_"/>
        <virtualColumn immutable="false" targetJoinKey="SUID" targetTable="18576-core_model_4GA_05_01_18.xml_4%281%29/LOCAL_ATTRS-org.cytoscape.model.CyNode-core_model_4GA_05_01_18.xml_4%281%29+default+node.cytable" sourceJoinKey="SUID" sourceTable="11320-manual_layout_old_10_04_19.cyjs/SHARED_ATTRS-org.cytoscape.model.CyNode-11320+shared+node.cytable" sourceColumn="sbml_type" name="sbml_type"/>
        <virtualColumn immutable="false" targetJoinKey="SUID" targetTable="18576-core_model_4GA_05_01_18.xml_4%281%29/LOCAL_ATTRS-org.cytoscape.model.CyNode-core_model_4GA_05_01_18.xml_4%281%29+default+node.cytable" sourceJoinKey="SUID" sourceTable="11320-manual_layout_old_10_04_19.cyjs/SHARED_ATTRS-org.cytoscape.model.CyNode-11320+shared+node.cytable" sourceColumn="sbml_charge" name="sbml_charge"/>
        <virtualColumn immutable="false" targetJoinKey="SUID" targetTable="11320-manual_layout_old_10_04_19.cyjs/LOCAL_ATTRS-org.cytoscape.model.CyEdge-11320+default+edge.cytable" sourceJoinKey="SUID" sourceTable="11320-manual_layout_old_10_04_19.cyjs/SHARED_ATTRS-org.cytoscape.model.CyEdge-11320+shared+edge.cytable" sourceColumn="shared name" name="shared name"/>
        <virtualColumn immutable="false" targetJoinKey="SUID" targetTable="11320-manual_layout_old_10_04_19.cyjs/LOCAL_ATTRS-org.cytoscape.model.CyEdge-11320+default+edge.cytable" sourceJoinKey="SUID" sourceTable="11320-manual_layout_old_10_04_19.cyjs/SHARED_ATTRS-org.cytoscape.model.CyEdge-11320+shared+edge.cytable" sourceColumn="shared interaction" name="shared interaction"/>
        <virtualColumn immutable="false" targetJoinKey="SUID" targetTable="11320-manual_layout_old_10_04_19.cyjs/LOCAL_ATTRS-org.cytoscape.model.CyEdge-11320+default+edge.cytable" sourceJoinKey="SUID" sourceTable="11320-manual_layout_old_10_04_19.cyjs/SHARED_ATTRS-org.cytoscape.model.CyEdge-11320+shared+edge.cytable" sourceColumn="id" name="id"/>
        <virtualColumn immutable="false" targetJoinKey="SUID" targetTable="11320-manual_layout_old_10_04_19.cyjs/LOCAL_ATTRS-org.cytoscape.model.CyEdge-11320+default+edge.cytable" sourceJoinKey="SUID" sourceTable="11320-manual_layout_old_10_04_19.cyjs/SHARED_ATTRS-org.cytoscape.model.CyEdge-11320+shared+edge.cytable" sourceColumn="source" name="source"/>
        <virtualColumn immutable="false" targetJoinKey="SUID" targetTable="11320-manual_layout_old_10_04_19.cyjs/LOCAL_ATTRS-org.cytoscape.model.CyEdge-11320+default+edge.cytable" sourceJoinKey="SUID" sourceTable="11320-manual_layout_old_10_04_19.cyjs/SHARED_ATTRS-org.cytoscape.model.CyEdge-11320+shared+edge.cytable" sourceColumn="target" name="target"/>
        <virtualColumn immutable="false" targetJoinKey="SUID" targetTable="11320-manual_layout_old_10_04_19.cyjs/LOCAL_ATTRS-org.cytoscape.model.CyEdge-11320+default+edge.cytable" sourceJoinKey="SUID" sourceTable="11320-manual_layout_old_10_04_19.cyjs/SHARED_ATTRS-org.cytoscape.model.CyEdge-11320+shared+edge.cytable" sourceColumn="id_original" name="id_original"/>
        <virtualColumn immutable="false" targetJoinKey="SUID" targetTable="11320-manual_layout_old_10_04_19.cyjs/LOCAL_ATTRS-org.cytoscape.model.CyEdge-11320+default+edge.cytable" sourceJoinKey="SUID" sourceTable="11320-manual_layout_old_10_04_19.cyjs/SHARED_ATTRS-org.cytoscape.model.CyEdge-11320+shared+edge.cytable" sourceColumn="shared_interaction" name="shared_interaction"/>
        <virtualColumn immutable="false" targetJoinKey="SUID" targetTable="11320-manual_layout_old_10_04_19.cyjs/LOCAL_ATTRS-org.cytoscape.model.CyEdge-11320+default+edge.cytable" sourceJoinKey="SUID" sourceTable="11320-manual_layout_old_10_04_19.cyjs/SHARED_ATTRS-org.cytoscape.model.CyEdge-11320+shared+edge.cytable" sourceColumn="interaction_type" name="interaction_type"/>
        <virtualColumn immutable="false" targetJoinKey="SUID" targetTable="11320-manual_layout_old_10_04_19.cyjs/LOCAL_ATTRS-org.cytoscape.model.CyEdge-11320+default+edge.cytable" sourceJoinKey="SUID" sourceTable="11320-manual_layout_old_10_04_19.cyjs/SHARED_ATTRS-org.cytoscape.model.CyEdge-11320+shared+edge.cytable" sourceColumn="source_original" name="source_original"/>
        <virtualColumn immutable="false" targetJoinKey="SUID" targetTable="11320-manual_layout_old_10_04_19.cyjs/LOCAL_ATTRS-org.cytoscape.model.CyEdge-11320+default+edge.cytable" sourceJoinKey="SUID" sourceTable="11320-manual_layout_old_10_04_19.cyjs/SHARED_ATTRS-org.cytoscape.model.CyEdge-11320+shared+edge.cytable" sourceColumn="shared_name" name="shared_name"/>
        <virtualColumn immutable="false" targetJoinKey="SUID" targetTable="11320-manual_layout_old_10_04_19.cyjs/LOCAL_ATTRS-org.cytoscape.model.CyEdge-11320+default+edge.cytable" sourceJoinKey="SUID" sourceTable="11320-manual_layout_old_10_04_19.cyjs/SHARED_ATTRS-org.cytoscape.model.CyEdge-11320+shared+edge.cytable" sourceColumn="target_original" name="target_original"/>
        <virtualColumn immutable="false" targetJoinKey="SUID" targetTable="11320-manual_layout_old_10_04_19.cyjs/LOCAL_ATTRS-org.cytoscape.model.CyNode-11320+default+node.cytable" sourceJoinKey="SUID" sourceTable="11320-manual_layout_old_10_04_19.cyjs/SHARED_ATTRS-org.cytoscape.model.CyNode-11320+shared+node.cytable" sourceColumn="shared name" name="shared name"/>
        <virtualColumn immutable="false" targetJoinKey="SUID" targetTable="11320-manual_layout_old_10_04_19.cyjs/LOCAL_ATTRS-org.cytoscape.model.CyNode-11320+default+node.cytable" sourceJoinKey="SUID" sourceTable="11320-manual_layout_old_10_04_19.cyjs/SHARED_ATTRS-org.cytoscape.model.CyNode-11320+shared+node.cytable" sourceColumn="id" name="id"/>
        <virtualColumn immutable="false" targetJoinKey="SUID" targetTable="11320-manual_layout_old_10_04_19.cyjs/LOCAL_ATTRS-org.cytoscape.model.CyNode-11320+default+node.cytable" sourceJoinKey="SUID" sourceTable="11320-manual_layout_old_10_04_19.cyjs/SHARED_ATTRS-org.cytoscape.model.CyNode-11320+shared+node.cytable" sourceColumn="id_original" name="id_original"/>
        <virtualColumn immutable="false" targetJoinKey="SUID" targetTable="11320-manual_layout_old_10_04_19.cyjs/LOCAL_ATTRS-org.cytoscape.model.CyNode-11320+default+node.cytable" sourceJoinKey="SUID" sourceTable="11320-manual_layout_old_10_04_19.cyjs/SHARED_ATTRS-org.cytoscape.model.CyNode-11320+shared+node.cytable" sourceColumn="sbml_initial_amount" name="sbml_initial_amount"/>
        <virtualColumn immutable="false" targetJoinKey="SUID" targetTable="11320-manual_layout_old_10_04_19.cyjs/LOCAL_ATTRS-org.cytoscape.model.CyNode-11320+default+node.cytable" sourceJoinKey="SUID" sourceTable="11320-manual_layout_old_10_04_19.cyjs/SHARED_ATTRS-org.cytoscape.model.CyNode-11320+shared+node.cytable" sourceColumn="kineticLaw_units" name="kineticLaw_units"/>
        <virtualColumn immutable="false" targetJoinKey="SUID" targetTable="11320-manual_layout_old_10_04_19.cyjs/LOCAL_ATTRS-org.cytoscape.model.CyNode-11320+default+node.cytable" sourceJoinKey="SUID" sourceTable="11320-manual_layout_old_10_04_19.cyjs/SHARED_ATTRS-org.cytoscape.model.CyNode-11320+shared+node.cytable" sourceColumn="shared_name" name="shared_name"/>
        <virtualColumn immutable="false" targetJoinKey="SUID" targetTable="11320-manual_layout_old_10_04_19.cyjs/LOCAL_ATTRS-org.cytoscape.model.CyNode-11320+default+node.cytable" sourceJoinKey="SUID" sourceTable="11320-manual_layout_old_10_04_19.cyjs/SHARED_ATTRS-org.cytoscape.model.CyNode-11320+shared+node.cytable" sourceColumn="sbml_initial_concentration" name="sbml_initial_concentration"/>
        <virtualColumn immutable="false" targetJoinKey="SUID" targetTable="11320-manual_layout_old_10_04_19.cyjs/LOCAL_ATTRS-org.cytoscape.model.CyNode-11320+default+node.cytable" sourceJoinKey="SUID" sourceTable="11320-manual_layout_old_10_04_19.cyjs/SHARED_ATTRS-org.cytoscape.model.CyNode-11320+shared+node.cytable" sourceColumn="sbml_compartment" name="sbml_compartment"/>
        <virtualColumn immutable="false" targetJoinKey="SUID" targetTable="11320-manual_layout_old_10_04_19.cyjs/LOCAL_ATTRS-org.cytoscape.model.CyNode-11320+default+node.cytable" sourceJoinKey="SUID" sourceTable="11320-manual_layout_old_10_04_19.cyjs/SHARED_ATTRS-org.cytoscape.model.CyNode-11320+shared+node.cytable" sourceColumn="sbml_id" name="sbml_id"/>
        <virtualColumn immutable="false" targetJoinKey="SUID" targetTable="11320-manual_layout_old_10_04_19.cyjs/LOCAL_ATTRS-org.cytoscape.model.CyNode-11320+default+node.cytable" sourceJoinKey="SUID" sourceTable="11320-manual_layout_old_10_04_19.cyjs/SHARED_ATTRS-org.cytoscape.model.CyNode-11320+shared+node.cytable" sourceColumn="kineticLaw_" name="kineticLaw_"/>
        <virtualColumn immutable="false" targetJoinKey="SUID" targetTable="11320-manual_layout_old_10_04_19.cyjs/LOCAL_ATTRS-org.cytoscape.model.CyNode-11320+default+node.cytable" sourceJoinKey="SUID" sourceTable="11320-manual_layout_old_10_04_19.cyjs/SHARED_ATTRS-org.cytoscape.model.CyNode-11320+shared+node.cytable" sourceColumn="sbml_type" name="sbml_type"/>
        <virtualColumn immutable="false" targetJoinKey="SUID" targetTable="11320-manual_layout_old_10_04_19.cyjs/LOCAL_ATTRS-org.cytoscape.model.CyNode-11320+default+node.cytable" sourceJoinKey="SUID" sourceTable="11320-manual_layout_old_10_04_19.cyjs/SHARED_ATTRS-org.cytoscape.model.CyNode-11320+shared+node.cytable" sourceColumn="sbml_charge" name="sbml_charge"/>
        <virtualColumn immutable="false" targetJoinKey="SUID" targetTable="11336-core_model_4GA_05_01_18.xml_4/LOCAL_ATTRS-org.cytoscape.model.CyNode-core_model_4GA_05_01_18.xml_4+default+node.cytable" sourceJoinKey="SUID" sourceTable="11320-manual_layout_old_10_04_19.cyjs/SHARED_ATTRS-org.cytoscape.model.CyNode-11320+shared+node.cytable" sourceColumn="shared name" name="shared name"/>
        <virtualColumn immutable="false" targetJoinKey="SUID" targetTable="11336-core_model_4GA_05_01_18.xml_4/LOCAL_ATTRS-org.cytoscape.model.CyNode-core_model_4GA_05_01_18.xml_4+default+node.cytable" sourceJoinKey="SUID" sourceTable="11320-manual_layout_old_10_04_19.cyjs/SHARED_ATTRS-org.cytoscape.model.CyNode-11320+shared+node.cytable" sourceColumn="id" name="id"/>
        <virtualColumn immutable="false" targetJoinKey="SUID" targetTable="11336-core_model_4GA_05_01_18.xml_4/LOCAL_ATTRS-org.cytoscape.model.CyNode-core_model_4GA_05_01_18.xml_4+default+node.cytable" sourceJoinKey="SUID" sourceTable="11320-manual_layout_old_10_04_19.cyjs/SHARED_ATTRS-org.cytoscape.model.CyNode-11320+shared+node.cytable" sourceColumn="id_original" name="id_original"/>
        <virtualColumn immutable="false" targetJoinKey="SUID" targetTable="11336-core_model_4GA_05_01_18.xml_4/LOCAL_ATTRS-org.cytoscape.model.CyNode-core_model_4GA_05_01_18.xml_4+default+node.cytable" sourceJoinKey="SUID" sourceTable="11320-manual_layout_old_10_04_19.cyjs/SHARED_ATTRS-org.cytoscape.model.CyNode-11320+shared+node.cytable" sourceColumn="sbml_initial_amount" name="sbml_initial_amount"/>
        <virtualColumn immutable="false" targetJoinKey="SUID" targetTable="11336-core_model_4GA_05_01_18.xml_4/LOCAL_ATTRS-org.cytoscape.model.CyNode-core_model_4GA_05_01_18.xml_4+default+node.cytable" sourceJoinKey="SUID" sourceTable="11320-manual_layout_old_10_04_19.cyjs/SHARED_ATTRS-org.cytoscape.model.CyNode-11320+shared+node.cytable" sourceColumn="kineticLaw_units" name="kineticLaw_units"/>
        <virtualColumn immutable="false" targetJoinKey="SUID" targetTable="11336-core_model_4GA_05_01_18.xml_4/LOCAL_ATTRS-org.cytoscape.model.CyNode-core_model_4GA_05_01_18.xml_4+default+node.cytable" sourceJoinKey="SUID" sourceTable="11320-manual_layout_old_10_04_19.cyjs/SHARED_ATTRS-org.cytoscape.model.CyNode-11320+shared+node.cytable" sourceColumn="shared_name" name="shared_name"/>
        <virtualColumn immutable="false" targetJoinKey="SUID" targetTable="11336-core_model_4GA_05_01_18.xml_4/LOCAL_ATTRS-org.cytoscape.model.CyNode-core_model_4GA_05_01_18.xml_4+default+node.cytable" sourceJoinKey="SUID" sourceTable="11320-manual_layout_old_10_04_19.cyjs/SHARED_ATTRS-org.cytoscape.model.CyNode-11320+shared+node.cytable" sourceColumn="sbml_initial_concentration" name="sbml_initial_concentration"/>
        <virtualColumn immutable="false" targetJoinKey="SUID" targetTable="11336-core_model_4GA_05_01_18.xml_4/LOCAL_ATTRS-org.cytoscape.model.CyNode-core_model_4GA_05_01_18.xml_4+default+node.cytable" sourceJoinKey="SUID" sourceTable="11320-manual_layout_old_10_04_19.cyjs/SHARED_ATTRS-org.cytoscape.model.CyNode-11320+shared+node.cytable" sourceColumn="sbml_compartment" name="sbml_compartment"/>
        <virtualColumn immutable="false" targetJoinKey="SUID" targetTable="11336-core_model_4GA_05_01_18.xml_4/LOCAL_ATTRS-org.cytoscape.model.CyNode-core_model_4GA_05_01_18.xml_4+default+node.cytable" sourceJoinKey="SUID" sourceTable="11320-manual_layout_old_10_04_19.cyjs/SHARED_ATTRS-org.cytoscape.model.CyNode-11320+shared+node.cytable" sourceColumn="sbml_id" name="sbml_id"/>
        <virtualColumn immutable="false" targetJoinKey="SUID" targetTable="11336-core_model_4GA_05_01_18.xml_4/LOCAL_ATTRS-org.cytoscape.model.CyNode-core_model_4GA_05_01_18.xml_4+default+node.cytable" sourceJoinKey="SUID" sourceTable="11320-manual_layout_old_10_04_19.cyjs/SHARED_ATTRS-org.cytoscape.model.CyNode-11320+shared+node.cytable" sourceColumn="kineticLaw_" name="kineticLaw_"/>
        <virtualColumn immutable="false" targetJoinKey="SUID" targetTable="11336-core_model_4GA_05_01_18.xml_4/LOCAL_ATTRS-org.cytoscape.model.CyNode-core_model_4GA_05_01_18.xml_4+default+node.cytable" sourceJoinKey="SUID" sourceTable="11320-manual_layout_old_10_04_19.cyjs/SHARED_ATTRS-org.cytoscape.model.CyNode-11320+shared+node.cytable" sourceColumn="sbml_type" name="sbml_type"/>
        <virtualColumn immutable="false" targetJoinKey="SUID" targetTable="11336-core_model_4GA_05_01_18.xml_4/LOCAL_ATTRS-org.cytoscape.model.CyNode-core_model_4GA_05_01_18.xml_4+default+node.cytable" sourceJoinKey="SUID" sourceTable="11320-manual_layout_old_10_04_19.cyjs/SHARED_ATTRS-org.cytoscape.model.CyNode-11320+shared+node.cytable" sourceColumn="sbml_charge" name="sbml_charge"/>
        <virtualColumn immutable="false" targetJoinKey="SUID" targetTable="18576-core_model_4GA_05_01_18.xml_4%281%29/LOCAL_ATTRS-org.cytoscape.model.CyNetwork-core_model_4GA_05_01_18.xml_4%281%29+default+network.cytable" sourceJoinKey="SUID" sourceTable="11320-manual_layout_old_10_04_19.cyjs/SHARED_ATTRS-org.cytoscape.model.CyNetwork-11320+shared+network.cytable" sourceColumn="shared name" name="shared name"/>
        <virtualColumn immutable="false" targetJoinKey="SUID" targetTable="11336-core_model_4GA_05_01_18.xml_4/LOCAL_ATTRS-org.cytoscape.model.CyNetwork-core_model_4GA_05_01_18.xml_4+default+network.cytable" sourceJoinKey="SUID" sourceTable="11320-manual_layout_old_10_04_19.cyjs/SHARED_ATTRS-org.cytoscape.model.CyNetwork-11320+shared+network.cytable" sourceColumn="shared name" name="shared name"/>
    </virtualColumns>
</cyTables>
